Trade Date,Confirmation Number,Order Number,Order Type,Code,Units,Average Price ($),Brokerage (inc GST.),Net Proceeds ($),Settlement Date,Status
15/11/2016,22687933,YNHR-N,B,IAM,"115,000",0.042,17.99,"4,847.99",17/11/2016,Confirmed
15/11/2016,22687160,YN2T-N,B,NAE,"175,000",0.028,17.99,"4,917.99",17/11/2016,Confirmed
15/11/2016,22684861,YLRY-N,S,NSL,"250,000",0.046,26.99,"11,473.01",17/11/2016,Confirmed
14/11/2016,22679896,YHSP-N,B,GPP,"190,000",0.026,17.99,"4,957.99",16/11/2016,Confirmed
14/11/2016,22676305,YFWW-N,S,MRQ,"240,000",0.017,17.99,"4,062.01",16/11/2016,Confirmed
9/11/2016,22642489,XQN8-N,B,AGY,"350,000",0.028,19.95,"9,819.95",11/11/2016,Confirmed
8/11/2016,22632732,XMX7-N,S,IAM,"225,000",0.042,19.95,"9,430.05",10/11/2016,Confirmed
7/11/2016,22620940,XC4L-N,B,IAM,"225,000",0.044,19.95,"9,919.95",9/11/2016,Confirmed
4/11/2016,22612029,XC4M-N,S,IAM,"250,000",0.047,26.99,"11,723.01",8/11/2016,Confirmed
3/11/2016,22606170,X6R8-N,B,AHZ,"12,500",0.365,17.99,"4,580.49",7/11/2016,Confirmed
3/11/2016,22604453,X6NV-N,S,GPP,"150,000",0.03,17.99,"4,482.01",7/11/2016,Confirmed
3/11/2016,22603275,X6BF-N,B,GPP,"150,000",0.032,17.99,"4,817.99",7/11/2016,Confirmed
3/11/2016,22603061,X686-N,S,MZN,"235,000",0.02,17.99,"4,682.01",7/11/2016,Confirmed
1/11/2016,22584027,WWGS-N,B,NSL,"250,000",0.037,19.95,"9,269.95",3/11/2016,Confirmed
1/11/2016,22582466,WVRX-N,S,AGY,"190,000",0.033,19.95,"6,250.05",3/11/2016,Confirmed
10/10/2016,22456456,TLF8-N,B,AKM,"130,000",0.038,17.99,"4,957.99",12/10/2016,Confirmed
10/10/2016,22454958,TK79-N,S,4DS,"130,000",0.034,17.99,"4,402.01",12/10/2016,Confirmed
7/10/2016,22443916,TC4D-N,S,VRI,"90,000",0.098,19.95,"8,800.05",11/10/2016,Confirmed
7/10/2016,22445867,TC7J-N,B,FBR,"32,000",0.155,17.99,"4,977.99",11/10/2016,Confirmed
6/10/2016,22440783,T9DW-N,B,4DS,"130,000",0.036,17.99,"4,697.99",10/10/2016,Confirmed
6/10/2016,22440518,T977-N,S,PNX,"165,000",0.027,17.99,"4,437.01",10/10/2016,Confirmed
5/10/2016,22431617,T4JZ-N,B,MZN,"235,000",0.021,17.99,"4,952.99",7/10/2016,Confirmed
5/10/2016,22428237,T2TR-N,S,ZMI,"300,000",0.015,17.99,"4,482.01",7/10/2016,Confirmed
5/10/2016,22428241,T2HY-N,B,VRI,"45,000",0.105,17.99,"4,742.99",7/10/2016,Confirmed
4/10/2016,22424116,SZJ6-N,B,LOM,"15,000",0.509,19.95,"7,660.45",6/10/2016,Confirmed
4/10/2016,22421006,SXNQ-N,S,LOM,"24,000",0.535,26.99,"12,813.01",6/10/2016,Confirmed
4/10/2016,22424606,SZSZ-N,S,AKM,"105,000",0.05,19.95,"5,230.05",6/10/2016,Confirmed
4/10/2016,22422761,SYN4-N,B,PNX,"165,000",0.03,17.99,"4,967.99",6/10/2016,Confirmed
3/10/2016,22413925,STGQ-N,B,VRI,"45,000",0.099,17.99,"4,472.99",5/10/2016,Confirmed
3/10/2016,22416569,SVK9-N,B,ZMI,"300,000",0.016,17.99,"4,817.99",5/10/2016,Confirmed
30/09/2016,22411175,SS83-N,S,NSL,"270,000",0.034,19.95,"9,160.05",5/10/2016,Confirmed
27/09/2016,22385382,S9CC-N,S,SAS,"135,000",0.034,17.99,"4,572.01",29/09/2016,Confirmed
27/09/2016,22384109,S8CM-N,B,IAM,"250,000",0.039,19.95,"9,769.95",29/09/2016,Confirmed
27/09/2016,22387150,SBF8-N,B,AKM,"105,000",0.044,17.99,"4,637.99",29/09/2016,Confirmed
27/09/2016,22384581,S8VG-N,B,SAS,"135,000",0.036,17.99,"4,877.99",29/09/2016,Confirmed
26/09/2016,22381099,S6ZD-N,S,AKM,"200,000",0.041,19.95,"8,180.05",28/09/2016,Confirmed
26/09/2016,22372354,S4HY-N,S,NSL,"335,000",0.035,26.99,"11,698.01",28/09/2016,Confirmed
26/09/2016,22376438,S4ZV-N,B,LOM,"24,000",0.41,19.95,"9,859.95",28/09/2016,Confirmed
26/09/2016,22377276,S55Q-N,B,NSL,"270,000",0.037,19.95,"9,934.95",28/09/2016,Confirmed
23/09/2016,22362743,RWJ8-N,S,ALC,"75,000",0.057,17.99,"4,257.01",27/09/2016,Confirmed
23/09/2016,22362651,RWV2-N,S,IAM,"250,000",0.037,19.95,"9,230.05",27/09/2016,Confirmed
23/09/2016,22364273,RX55-N,B,AKM,"100,000",0.046,17.99,"4,617.99",27/09/2016,Confirmed
23/09/2016,22363436,RX62-N,S,SYT,"225,000",0.046,26.99,"10,323.01",27/09/2016,Confirmed
23/09/2016,22364622,RXJL-N,B,AKM,"100,000",0.047,17.99,"4,717.99",27/09/2016,Confirmed
23/09/2016,22369991,RYBP-N,B,NSL,"160,000",0.031,17.99,"4,977.99",27/09/2016,Confirmed
22/09/2016,22361261,RW59-N,S,LOM,"13,000",0.38,17.99,"4,922.01",26/09/2016,Confirmed
22/09/2016,22360511,RVRX-N,B,NSL,"175,000",0.028,17.99,"4,917.99",26/09/2016,Confirmed
22/09/2016,22360426,RVQ4-N,B,LOM,"13,000",0.38,17.99,"4,957.99",26/09/2016,Confirmed
22/09/2016,22360013,RR9Z-N,S,NSL,"355,000",0.029,26.99,"10,268.01",26/09/2016,Confirmed
21/09/2016,22345824,RFTH-N,B,SYT,"225,000",0.044,19.95,"9,919.95",23/09/2016,Confirmed
21/09/2016,22345007,QVXF-N,B,IAM,"195,863",0.039,1.97,"7,640.63",23/09/2016,Confirmed
21/09/2016,22351813,RMLQ-N,B,ALC,"75,000",0.059,17.99,"4,442.99",23/09/2016,Confirmed
20/09/2016,22342983,RG2Q-N,B,NSL,"150,000",0.026,17.99,"3,917.99",22/09/2016,Confirmed
20/09/2016,22337234,RFSY-N,S,SYT,"310,000",0.043,26.99,"13,303.01",22/09/2016,Confirmed
20/09/2016,22339612,RGQ3-N,S,AJM,"33,000",0.155,19.95,"5,095.05",22/09/2016,Confirmed
20/09/2016,22343851,QVXF-N,B,IAM,"54,137",0.037,17.99,"2,021.06",22/09/2016,Confirmed
16/09/2016,22327809,R4FY-N,S,ALC,"150,000",0.059,19.95,"8,830.05",20/09/2016,Confirmed
16/09/2016,22331190,R6VT-N,B,MRQ,"240,000",0.018,17.99,"4,337.99",20/09/2016,Confirmed
16/09/2016,22331365,R6Y9-N,B,SYT,"115,000",0.035,17.99,"4,042.99",20/09/2016,Confirmed
15/09/2016,22320966,QZRK-N,B,NSL,"205,000",0.023,17.99,"4,732.99",19/09/2016,Confirmed
15/09/2016,22318680,QXXF-N,B,ALC,"76,000",0.065,17.99,"4,957.99",19/09/2016,Confirmed
15/09/2016,22318428,QY2M-N,S,AZY,"155,000",0.031,17.99,"4,787.01",19/09/2016,Confirmed
15/09/2016,22319741,QYWZ-N,B,AJM,"33,000",0.15,17.99,"4,967.99",19/09/2016,Confirmed
15/09/2016,22318878,QYC2-N,S,LPI,"16,000",0.33,19.95,"5,260.05",19/09/2016,Confirmed
15/09/2016,22319489,QYR5-N,B,ALC,"74,000",0.062,17.99,"4,605.99",19/09/2016,Confirmed
14/09/2016,22314286,QSB5-N,B,LPI,"15,000",0.33,17.99,"4,967.99",16/09/2016,Confirmed
13/09/2016,22299995,QM24-N,B,SYT,"195,000",0.031,19.95,"6,064.95",15/09/2016,Confirmed
13/09/2016,22301943,QNR4-N,S,MRQ,"250,000",0.017,17.99,"4,232.01",15/09/2016,Confirmed
12/09/2016,22294770,QGGC-N,S,MBK,"135,000",0.038,19.95,"5,110.05",14/09/2016,Confirmed
9/09/2016,22278667,Q6W7-N,B,MRQ,"250,000",0.02,17.99,"5,017.99",13/09/2016,Confirmed
9/09/2016,22276884,Q5GK-N,S,ALC,"167,000",0.064,26.99,"10,661.01",13/09/2016,Confirmed
9/09/2016,22275766,Q4QQ-N,S,IAM,"160,000",0.04,19.95,"6,380.05",13/09/2016,Confirmed
8/09/2016,22269533,PZ32-N,S,RAP,"20,000",0.38,19.95,"7,580.05",12/09/2016,Confirmed
5/09/2016,22241668,PG7V-N,B,WGL,"190,000",0.026,17.99,"4,957.99",7/09/2016,Confirmed
5/09/2016,22241850,PGD9-N,B,RAP,"20,000",0.388,19.95,"7,769.95",7/09/2016,Confirmed
5/09/2016,22242938,PFW5-N,B,AGY,"190,000",0.026,17.99,"4,957.99",7/09/2016,Confirmed
5/09/2016,22239620,PG6L-N,S,RAP,"15,000",0.385,19.95,"5,755.05",7/09/2016,Confirmed
2/09/2016,22231856,P9MV-N,B,ALC,"87,000",0.057,17.99,"4,976.99",6/09/2016,Confirmed
2/09/2016,22229890,P8LX-N,S,RDG,"88,000",0.035,17.99,"3,062.01",6/09/2016,Confirmed
1/09/2016,22222605,P47T-N,S,LPI,"26,000",0.39,26.99,"10,113.01",5/09/2016,Confirmed
1/09/2016,22225832,P57P-N,B,AVL,"235,000",0.021,17.99,"4,952.99",5/09/2016,Confirmed
1/09/2016,22228287,P7VH-N,B,IAM,"160,000",0.031,17.99,"4,977.99",5/09/2016,Confirmed
1/09/2016,22228501,P572-N,B,RDG,"88,000",0.027,17.99,"2,393.99",5/09/2016,Confirmed
1/09/2016,22224860,P57D-N,S,MOD,"83,000",0.047,17.99,"3,883.01",5/09/2016,Confirmed
1/09/2016,22222303,P3QY-N,S,IAM,"360,000",0.035,26.99,"12,573.01",5/09/2016,Confirmed
31/08/2016,22218905,NXVV-N,S,NOX,"26,000",0.18,17.99,"4,662.01",2/09/2016,Confirmed
31/08/2016,22219941,P2FZ-N,B,ALC,"80,000",0.058,17.99,"4,657.99",2/09/2016,Confirmed
30/08/2016,22203877,NSFR-N,B,AZY,"155,000",0.032,17.99,"4,977.99",1/09/2016,Confirmed
30/08/2016,22206870,NT3X-N,B,MOD,"83,000",0.053,17.99,"4,416.99",1/09/2016,Confirmed
30/08/2016,22202139,NRMK-N,S,ALC,"78,000",0.06,17.99,"4,662.01",1/09/2016,Confirmed
30/08/2016,22204197,NSPQ-N,S,NSL,"220,000",0.02,17.99,"4,382.01",1/09/2016,Confirmed
29/08/2016,22195520,NMDL-N,S,AZY,"155,000",0.032,17.99,"4,942.01",31/08/2016,Confirmed
29/08/2016,22197266,NNSX-N,B,ALC,"78,000",0.064,17.99,"5,009.99",31/08/2016,Confirmed
26/08/2016,22187470,NHNR-N,B,NOX,"26,000",0.19,17.99,"4,957.99",30/08/2016,Confirmed
26/08/2016,22188272,NJ6Z-N,B,AZY,"155,000",0.032,17.99,"4,977.99",30/08/2016,Confirmed
25/08/2016,22177090,N8QP-N,B,MBK,"135,000",0.036,17.99,"4,877.99",29/08/2016,Confirmed
25/08/2016,22178838,NCSK-N,S,AGY,"195,000",0.026,19.95,"5,050.05",29/08/2016,Confirmed
25/08/2016,22176966,N8NT-N,B,RAP,"15,000",0.325,17.99,"4,892.99",29/08/2016,Confirmed
24/08/2016,22171964,N8M8-N,S,FGR,"35,000",0.145,19.95,"5,055.05",26/08/2016,Confirmed
24/08/2016,22172163,N8JM-N,S,MBK,"155,000",0.039,19.95,"6,025.05",26/08/2016,Confirmed
23/08/2016,22164084,N237-N,S,AZY,"115,000",0.034,17.99,"3,892.01",25/08/2016,Confirmed
17/08/2016,22131428,MJ3B-N,B,AVL,"210,000",0.023,17.99,"4,847.99",19/08/2016,Confirmed
17/08/2016,22125615,MDNW-N,S,JCS,"330,000",0.029,19.95,"9,550.05",19/08/2016,Confirmed
17/08/2016,22127653,MFYP-N,B,JCS,"330,000",0.028,19.95,"9,259.95",19/08/2016,Confirmed
17/08/2016,22132435,MJNF-N,B,LPI,"16,000",0.285,17.99,"4,577.99",19/08/2016,Confirmed
17/08/2016,22129542,MH2W-N,S,MOX,"290,000",0.018,19.95,"5,200.05",19/08/2016,Confirmed
17/08/2016,22129212,MGXG-N,S,JCS,"330,000",0.027,19.95,"8,890.05",19/08/2016,Confirmed
17/08/2016,22130168,MH9B-N,B,FGR,"35,000",0.14,17.99,"4,917.99",19/08/2016,Confirmed
16/08/2016,22117290,M8G4-N,B,AGY,"195,000",0.021,17.99,"4,112.99",18/08/2016,Confirmed
16/08/2016,22116953,M86D-N,S,ZMI,"170,000",0.022,17.99,"3,722.01",18/08/2016,Confirmed
5/08/2016,22046356,L49D-N,B,ZMI,"170,000",0.023,17.99,"3,927.99",9/08/2016,Confirmed
5/08/2016,22046335,L48S-N,S,NTM,"64,000",0.069,17.99,"4,398.01",9/08/2016,Confirmed
5/08/2016,22042108,KY8K-N,B,NTM,"64,000",0.069,17.99,"4,433.99",9/08/2016,Confirmed
3/08/2016,22031095,KQ2B-N,S,PAK,"25,000",0.175,17.99,"4,357.01",5/08/2016,Confirmed
29/07/2016,22008518,K97B-N,B,JCS,"330,000",0.025,19.95,"8,269.95",3/08/2016,Confirmed
29/07/2016,22005821,K79Z-N,B,AZY,"115,000",0.043,17.99,"4,962.99",3/08/2016,Confirmed
29/07/2016,22005248,K73G-N,S,MOD,"190,000",0.026,17.99,"4,922.01",3/08/2016,Confirmed
29/07/2016,22005275,K6QG-N,B,LPI,"11,000",0.44,17.99,"4,857.99",3/08/2016,Confirmed
29/07/2016,22004384,K6HH-N,S,RAP,"14,500",0.39,19.95,"5,635.05",3/08/2016,Confirmed
29/07/2016,22002890,K5RY-N,S,JCS,"225,000",0.022,17.99,"4,932.01",3/08/2016,Confirmed
28/07/2016,21987963,JYYT-N,B,JCS,"225,000",0.022,17.99,"4,967.99",2/08/2016,Confirmed
27/07/2016,21982373,JXCX-N,B,MBK,"155,000",0.032,17.99,"4,977.99",29/07/2016,Confirmed
27/07/2016,21976481,JTDZ-N,S,BYR,"66,000",0.073,17.99,"4,800.01",29/07/2016,Confirmed
26/07/2016,21970763,JSSS-N,S,ALY,"190,000",0.022,17.99,"4,162.01",28/07/2016,Confirmed
26/07/2016,21968962,JRTX-N,B,MOX,"290,000",0.017,17.99,"4,947.99",28/07/2016,Confirmed
26/07/2016,21968717,JRR4-N,S,JCS,"425,000",0.02,19.95,"8,480.05",28/07/2016,Confirmed
22/07/2016,21927187,JHCL-N,B,PAK,"25,000",0.175,17.99,"4,392.99",26/07/2016,Confirmed
22/07/2016,21926734,JH26-N,S,MDR,"125,000",0.036,17.99,"4,482.01",26/07/2016,Confirmed
21/07/2016,21918419,J7QX-N,B,BYR,"66,000",0.072,17.99,"4,769.99",25/07/2016,Confirmed
21/07/2016,21915270,J7GL-N,S,MOX,"225,000",0.021,17.99,"4,707.01",25/07/2016,Confirmed
20/07/2016,21907773,J32Z-N,B,ALY,"190,000",0.025,17.99,"4,767.99",22/07/2016,Confirmed
20/07/2016,21907651,J2ZJ-N,S,SYT,"135,000",0.034,17.99,"4,572.01",22/07/2016,Confirmed
20/07/2016,21909031,J2M7-N,B,MOX,"225,000",0.022,17.99,"4,967.99",22/07/2016,Confirmed
20/07/2016,21906714,J2HV-N,B,SYT,"135,000",0.037,17.99,"5,012.99",22/07/2016,Confirmed
20/07/2016,21906159,J272-N,B,RAP,"14,500",0.34,17.99,"4,947.99",22/07/2016,Confirmed
20/07/2016,21906024,J23J-N,S,MOX,"290,000",0.026,19.95,"7,520.05",22/07/2016,Confirmed
19/07/2016,21902719,HY5M-N,B,MOX,"290,000",0.017,17.99,"4,947.99",21/07/2016,Confirmed
19/07/2016,21902674,HY57-N,S,MGX,"19,000",0.315,19.95,"5,965.05",21/07/2016,Confirmed
19/07/2016,21900393,HWTC-N,S,PSC,"81,000",0.067,19.95,"5,407.05",21/07/2016,Confirmed
18/07/2016,21896291,HSKK-N,B,JCS,"205,000",0.023,17.99,"4,732.99",20/07/2016,Confirmed
18/07/2016,21895800,HSKF-N,S,AZY,"89,000",0.067,19.95,"5,943.05",20/07/2016,Confirmed
18/07/2016,21894759,HRV7-N,B,PSC,"81,000",0.061,17.99,"4,958.99",20/07/2016,Confirmed
18/07/2016,21893436,HQQG-N,S,DRO,"21,000",0.24,19.95,"5,020.05",20/07/2016,Confirmed
14/07/2016,21873929,H796-N,B,NSL,"220,000",0.019,17.99,"4,197.99",18/07/2016,Confirmed
14/07/2016,21875678,HFKW-N,S,RAP,"16,000",0.29,17.99,"4,622.01",18/07/2016,Confirmed
14/07/2016,21876420,HFZR-N,B,JCS,"220,000",0.021,17.99,"4,637.99",18/07/2016,Confirmed
12/07/2016,21850748,H69L-N,S,PSC,"165,000",0.049,19.95,"8,065.05",14/07/2016,Confirmed
12/07/2016,21850906,H6C3-N,B,RAP,"16,000",0.3,17.99,"4,817.99",14/07/2016,Confirmed
7/07/2016,21823762,GL3J-N,B,AZY,"89,000",0.056,17.99,"5,001.99",11/07/2016,Confirmed
7/07/2016,21823095,GKPF-N,B,MOD,"190,000",0.026,17.99,"4,957.99",11/07/2016,Confirmed
7/07/2016,21821761,GJSH-N,S,BYR,"90,000",0.084,19.95,"7,540.05",11/07/2016,Confirmed
6/07/2016,21818897,GD4Z-N,B,MDR,"125,000",0.04,17.99,"5,017.99",8/07/2016,Confirmed
6/07/2016,21813166,GCSS-N,S,RAP,"15,000",0.31,17.99,"4,632.01",8/07/2016,Confirmed
6/07/2016,21812207,GCN3-N,B,PSC,"165,000",0.03,17.99,"4,967.99",8/07/2016,Confirmed
5/07/2016,21809774,GBY6-N,B,RAP,"15,000",0.31,17.99,"4,667.99",7/07/2016,Confirmed
5/07/2016,21805705,G7H7-N,S,NAG,"30,000",0.165,17.99,"4,932.01",7/07/2016,Confirmed
5/07/2016,21809513,GBRL-N,S,GCN,"450,000",0.009,17.99,"4,032.01",7/07/2016,Confirmed
5/07/2016,21807529,G9HP-N,B,GCN,"450,000",0.011,17.99,"4,967.99",7/07/2016,Confirmed
4/07/2016,21796489,G39W-N,B,NAG,"30,000",0.165,17.99,"4,967.99",6/07/2016,Confirmed
4/07/2016,21795863,G33F-N,S,PSC,"225,000",0.028,19.95,"6,280.05",6/07/2016,Confirmed
30/06/2016,21776465,FPDF-N,B,BYR,"90,000",0.054,17.99,"4,877.99",4/07/2016,Confirmed
30/06/2016,21781796,FRMP-N,B,PSC,"225,000",0.022,17.99,"4,967.99",4/07/2016,Confirmed
28/06/2016,21763015,FFZJ-N,S,AZY,"100,000",0.055,19.95,"5,480.05",30/06/2016,Confirmed
27/06/2016,21743450,DYVR-N,S,PSC,"230,000",0.018,17.99,"4,122.01",29/06/2016,Confirmed
27/06/2016,21748297,F5K6-N,B,MDR,"120,000",0.038,17.99,"4,577.99",29/06/2016,Confirmed
27/06/2016,21751135,F762-N,S,MDR,"120,000",0.036,17.99,"4,302.01",29/06/2016,Confirmed
24/06/2016,21726762,DTCJ-N,B,DRO,"21,000",0.235,17.99,"4,952.99",28/06/2016,Confirmed
24/06/2016,21723220,DSND-N,S,AGY,"140,000",0.043,19.95,"6,000.05",28/06/2016,Confirmed
24/06/2016,21723516,DN7G-N,B,PSC,"230,000",0.02,17.99,"4,617.99",28/06/2016,Confirmed
22/06/2016,21713050,DLFZ-N,S,ADV,"120,000",0.034,17.99,"4,062.01",24/06/2016,Confirmed
22/06/2016,21708321,DGWK-N,S,RAP,"14,000",0.425,19.95,"5,930.05",24/06/2016,Confirmed
22/06/2016,21709380,DHLB-N,B,AZY,"100,000",0.046,17.99,"4,617.99",24/06/2016,Confirmed
22/06/2016,21712206,DKTQ-N,B,ADV,"120,000",0.037,17.99,"4,457.99",24/06/2016,Confirmed
21/06/2016,21702173,DBX4-N,S,LRS,"160,000",0.02,17.99,"3,182.01",23/06/2016,Confirmed
21/06/2016,21700330,D9V8-N,B,LRS,"160,000",0.023,17.99,"3,697.99",23/06/2016,Confirmed
20/06/2016,21696165,D7JN-N,B,MGX,"19,000",0.25,17.99,"4,767.99",22/06/2016,Confirmed
20/06/2016,21692341,D4HM-N,B,BDR,"14,000",0.34,17.99,"4,777.99",22/06/2016,Confirmed
20/06/2016,21696280,D7MC-N,S,PSC,"210,000",0.018,17.99,"3,762.01",22/06/2016,Confirmed
20/06/2016,21695000,D6S5-N,S,BDR,"14,000",0.33,17.99,"4,602.01",22/06/2016,Confirmed
17/06/2016,21685299,CYCR-N,S,SCI,"80,000",0.058,17.99,"4,622.01",21/06/2016,Confirmed
7/06/2016,21631367,BKDW-N,B,SCI,"80,000",0.06,17.99,"4,817.99",9/06/2016,Confirmed
7/06/2016,21630502,BHQC-N,S,SMA,"125,000",0.04,19.95,"4,991.37",9/06/2016,Confirmed
7/06/2016,21627256,BGRM-N,S,AZY,"125,000",0.037,17.99,"4,607.01",9/06/2016,Confirmed
7/06/2016,21627283,BGSN-N,B,PSC,"210,000",0.021,17.99,"4,427.99",9/06/2016,Confirmed
1/06/2016,21593478,9MTT-N,S,NAG,"34,000",0.175,19.95,"5,930.05",3/06/2016,Confirmed
1/06/2016,21598542,9R5L-N,B,AZY,"125,000",0.038,17.99,"4,767.99",3/06/2016,Confirmed
1/06/2016,21597721,9QH4-N,B,WGL,"115,000",0.042,17.99,"4,847.99",3/06/2016,Confirmed
31/05/2016,21585793,9DLZ-N,B,RAP,"14,000",0.35,17.99,"4,917.99",2/06/2016,Confirmed
30/05/2016,21581845,9BQ9-N,S,NAG,"34,000",0.175,19.95,"5,930.05",1/06/2016,Confirmed
27/05/2016,21571374,92CV-N,S,PSC,"220,000",0.016,17.99,"3,502.01",31/05/2016,Confirmed
27/05/2016,21571573,92HD-N,S,PIO,"115,000",0.033,17.99,"3,777.01",31/05/2016,Confirmed
27/05/2016,21571911,92KD-N,B,AGY,"140,000",0.035,17.99,"4,917.99",31/05/2016,Confirmed
25/05/2016,21558969,8R7W-N,B,NAG,"34,000",0.145,17.99,"4,947.99",27/05/2016,Confirmed
25/05/2016,21558874,8R6J-N,S,LPE,"115,000",0.045,19.95,"5,155.05",27/05/2016,Confirmed
25/05/2016,21554968,8NG9-N,B,PIO,"115,000",0.038,17.99,"4,387.99",27/05/2016,Confirmed
25/05/2016,21554938,89GW-N,S,AZY,"150,000",0.03,17.99,"4,482.01",27/05/2016,Confirmed
20/05/2016,21535298,86TC-N,B,SMA,"125,000",0.037,17.99,"4,642.99",24/05/2016,Confirmed
20/05/2016,21535035,86N9-N,S,SMA,"125,000",0.037,17.99,"4,607.01",24/05/2016,Confirmed
20/05/2016,21534748,86D6-N,B,PSC,"220,000",0.016,17.99,"3,537.99",24/05/2016,Confirmed
20/05/2016,21534455,863G-N,B,SMA,"125,000",0.039,17.99,"4,892.99",24/05/2016,Confirmed
20/05/2016,21533270,85C9-N,S,CNW,"125,000",0.033,17.99,"4,107.01",24/05/2016,Confirmed
20/05/2016,21532623,8532-N,S,MDR,"140,000",0.031,17.99,"4,322.01",24/05/2016,Confirmed
20/05/2016,21531277,84H6-N,B,AZY,"150,000",0.03,17.99,"4,517.99",24/05/2016,Confirmed
19/05/2016,21527188,7ZFT-N,B,CNW,"125,000",0.037,17.99,"4,642.99",23/05/2016,Confirmed
19/05/2016,21526279,7YPV-N,B,MDR,"140,000",0.035,17.99,"4,917.99",23/05/2016,Confirmed
19/05/2016,21525428,7Y5D-N,S,PSF,"130,000",0.031,17.99,"4,012.01",23/05/2016,Confirmed
19/05/2016,21522316,7WQL-N,S,AZY,"150,000",0.032,17.99,"4,811.22",23/05/2016,Confirmed
19/05/2016,21529333,82ZS-N,S,RAP,"16,000",0.28,17.99,"4,462.01",23/05/2016,Confirmed
19/05/2016,21525317,7Y38-N,S,SMA,"140,000",0.04,19.95,"5,580.05",23/05/2016,Confirmed
19/05/2016,21523644,7X3D-N,B,RAP,"16,000",0.295,17.99,"4,737.99",23/05/2016,Confirmed
18/05/2016,21518641,7RN5-N,B,LPE,"115,000",0.043,17.99,"4,962.99",20/05/2016,Confirmed
18/05/2016,21517535,7RMT-N,S,FRN,"200,000",0.024,17.99,"4,782.01",20/05/2016,Confirmed
18/05/2016,21516677,7R5K-N,B,PSF,"130,000",0.03,17.99,"3,917.99",20/05/2016,Confirmed
18/05/2016,21515293,7QMT-N,S,PSC,"240,000",0.017,17.99,"4,062.01",20/05/2016,Confirmed
17/05/2016,21512349,7NWH-N,B,PSC,"240,000",0.017,17.99,"4,097.99",19/05/2016,Confirmed
17/05/2016,21512248,7NTQ-N,S,IOT,"40,000",0.098,17.99,"3,902.01",19/05/2016,Confirmed
17/05/2016,21507035,7KB9-N,B,AZY,"150,000",0.032,17.99,"4,817.99",19/05/2016,Confirmed
17/05/2016,21506538,7K6H-N,B,FRN,"200,000",0.025,17.99,"5,017.99",19/05/2016,Confirmed
17/05/2016,21505577,7JXC-N,B,IOT,"40,000",0.125,17.99,"5,017.99",19/05/2016,Confirmed
17/05/2016,21505422,7JW4-N,S,XPE,"100,000",0.072,19.95,"7,139.50",19/05/2016,Confirmed
17/05/2016,21504833,7JTK-N,B,XPE,"100,000",0.07,19.95,"7,019.95",19/05/2016,Confirmed
17/05/2016,21503964,7JNY-N,S,XPE,"100,000",0.066,19.95,"6,580.05",19/05/2016,Confirmed
17/05/2016,21505557,77H9-N,S,LPE,"135,000",0.04,19.95,"5,380.05",19/05/2016,Confirmed
16/05/2016,21501248,7GST-N,S,MDR,"89,000",0.034,17.99,"3,008.01",18/05/2016,Confirmed
13/05/2016,21492087,78Y4-N,B,MDR,"89,000",0.035,17.99,"3,132.99",17/05/2016,Confirmed
13/05/2016,21490953,78CX-N,S,SCI,"56,000",0.056,17.99,"3,118.01",17/05/2016,Confirmed
13/05/2016,21490700,77S2-N,B,SCI,"56,000",0.056,17.99,"3,153.99",17/05/2016,Confirmed
13/05/2016,21487858,76JF-N,B,PSC,"170,000",0.02,17.99,"3,417.99",17/05/2016,Confirmed
13/05/2016,21488637,76WD-N,S,PSC,"170,000",0.018,17.99,"3,042.01",17/05/2016,Confirmed
13/05/2016,21488166,75YL-N,B,XPE,"100,000",0.048,17.99,"4,817.99",17/05/2016,Confirmed
12/05/2016,21484405,74TR-N,S,AJM,"18,000",0.25,17.99,"4,482.01",16/05/2016,Confirmed
12/05/2016,21482882,73ZF-N,S,XPE,"75,000",0.052,17.99,"3,882.01",16/05/2016,Confirmed
12/05/2016,21480261,72DT-N,B,AJM,"18,000",0.255,17.99,"4,607.99",16/05/2016,Confirmed
12/05/2016,21480057,729G-N,S,AZY,"185,000",0.025,17.99,"4,607.01",16/05/2016,Confirmed
12/05/2016,21479243,6ZWL-N,B,XPE,"75,000",0.053,17.99,"3,992.99",16/05/2016,Confirmed
12/05/2016,21478886,6ZSN-N,B,LPE,"135,000",0.037,17.99,"5,012.99",16/05/2016,Confirmed
12/05/2016,21479368,6ZGQ-N,B,SMA,"140,000",0.035,17.99,"4,917.99",16/05/2016,Confirmed
12/05/2016,21478243,6XVW-N,S,PIO,"160,000",0.054,19.95,"8,620.05",16/05/2016,Confirmed
11/05/2016,21469950,6TC4-N,B,MXC,"100,000",0.047,17.99,"4,717.99",13/05/2016,Confirmed
11/05/2016,21475069,6XM8-N,S,MXC,"100,000",0.047,17.99,"4,682.01",13/05/2016,Confirmed
3/05/2016,21414504,5TXC-N,B,AZY,"185,000",0.027,17.99,"5,012.99",5/05/2016,Confirmed
3/05/2016,21414349,5S6Y-N,S,PSF,"150,000",0.028,17.99,"4,182.01",5/05/2016,Confirmed
29/04/2016,21397039,5JD5-N,B,PIO,"160,000",0.03,17.99,"4,817.99",3/05/2016,Confirmed
28/04/2016,21392266,5DWV-N,S,MCT,"68,000",0.056,17.99,"3,790.01",2/05/2016,Confirmed
27/04/2016,21387904,5BDN-N,S,AJM,"21,000",0.175,17.99,"3,657.01",29/04/2016,Confirmed
27/04/2016,21386622,59SK-N,B,AJM,"21,000",0.183,17.99,"3,850.49",29/04/2016,Confirmed
26/04/2016,21376604,547K-N,S,AJM,"16,000",0.235,17.99,"3,742.01",28/04/2016,Confirmed
21/04/2016,21353960,1DIS-N,B,AJM,"16,000",0.265,17.99,"4,257.99",26/04/2016,Confirmed
21/04/2016,21349803,1DBX-N,S,MXC,"95,000",0.046,17.99,"4,352.01",26/04/2016,Confirmed
20/04/2016,21344696,1BGO-N,B,MXC,"95,000",0.048,17.99,"4,577.99",22/04/2016,Confirmed
20/04/2016,21340741,1A6C-N,S,MTH,"330,000",0.014,17.99,"4,602.01",22/04/2016,Confirmed
19/04/2016,21336719,18LY-N,B,MCT,"68,000",0.064,17.99,"4,369.99",21/04/2016,Confirmed
19/04/2016,21336494,18IF-N,B,PSF,"150,000",0.033,17.99,"4,967.99",21/04/2016,Confirmed
19/04/2016,21331936,16XK-N,S,AJM,"18,000",0.27,17.99,"4,842.01",21/04/2016,Confirmed
19/04/2016,21335088,17VM-N,S,AJM,"32,000",0.26,19.95,"8,300.05",21/04/2016,Confirmed
19/04/2016,21333961,16ZJ-N,B,MTH,"330,000",0.015,17.99,"4,967.99",21/04/2016,Confirmed
18/04/2016,21321114,14L9-N,S,SYA,"120,000",0.049,19.95,"5,860.05",20/04/2016,Confirmed
18/04/2016,21321751,16E2-N,B,AJM,"18,000",0.265,17.99,"4,787.99",20/04/2016,Confirmed
18/04/2016,21320705,14HZ-N,B,SRT,"180,000",0.021,17.99,"3,797.99",20/04/2016,Confirmed
18/04/2016,21314919,139A-N,S,PSF,"115,000",0.033,17.99,"3,777.01",20/04/2016,Confirmed
15/04/2016,21309172,10LK-N,B,SYA,"120,000",0.041,17.99,"4,937.99",19/04/2016,Confirmed
14/04/2016,21300539,WRL-N,S,MNQ,"220,000",0.018,17.99,"3,942.01",18/04/2016,Confirmed
14/04/2016,21301064,X0G-N,B,PSF,"115,000",0.033,17.99,"3,812.99",18/04/2016,Confirmed
14/04/2016,21300296,WSO-N,B,MNQ,"220,000",0.017,17.99,"3,757.99",18/04/2016,Confirmed
14/04/2016,21299298,WNQ-N,S,MNQ,"190,000",0.019,17.99,"3,592.01",18/04/2016,Confirmed
13/04/2016,21291638,DG4-N,S,AJM,"22,000",0.225,17.99,"4,932.01",15/04/2016,Confirmed
8/04/2016,21272650,LJH-N,B,AJM,"17,000",0.215,17.99,"3,672.99",12/04/2016,Confirmed
8/04/2016,21271207,KY5-N,S,SYA,"115,000",0.033,17.99,"3,777.01",12/04/2016,Confirmed
8/04/2016,21271104,KX1-N,B,SYA,"115,000",0.034,17.99,"3,927.99",12/04/2016,Confirmed
7/04/2016,21263451,B0V-N,S,NWH,"20,000",0.2,17.99,"3,982.01",11/04/2016,Confirmed
5/04/2016,21245464,AK5-N,B,AJM,"37,000",0.19,19.95,"7,049.95",7/04/2016,Confirmed
4/04/2016,21243729,9IQ-N,S,AJM,"35,000",0.2,19.95,"6,980.05",6/04/2016,Confirmed
22/03/2016,21195083,7XF-N,B,AJM,"35,000",0.135,17.99,"4,742.99",24/03/2016,Confirmed
22/03/2016,21193205,7W3-N,S,RAD,"84,000",0.055,17.99,"4,602.01",24/03/2016,Confirmed
21/03/2016,21185196,9990888030,B,NWH,"20,000",0.25,17.99,"5,017.99",23/03/2016,Confirmed
21/03/2016,21184697,9990882333,B,RAD,"84,000",0.059,17.99,"4,981.99",23/03/2016,Confirmed
10/03/2016,21133724,9990666152,B,NAG,"34,000",0.145,17.99,"4,947.99",15/03/2016,Confirmed
10/03/2016,21134308,9990468192,S,RAP,"33,000",0.24,19.95,"7,900.05",15/03/2016,Confirmed
9/03/2016,21127249,9990633350,S,GMM,"14,000",0.34,17.99,"4,742.01",11/03/2016,Confirmed
9/03/2016,21124172,9990601651,B,GMM,"14,000",0.345,17.99,"4,847.99",11/03/2016,Confirmed
8/03/2016,21117745,9990591890,S,GMM,"13,000",0.36,17.99,"4,662.01",10/03/2016,Confirmed
8/03/2016,21117192,9990589726,B,GMM,"13,000",0.37,17.99,"4,827.99",10/03/2016,Confirmed
2/03/2016,21080851,9990423131,S,RAP,"38,000",0.165,19.95,"6,250.05",7/03/2016,Confirmed
22/02/2016,21022372,9990173342,B,RAP,"33,000",0.15,17.99,"4,967.99",25/02/2016,Confirmed
18/02/2016,21006697,9990101988,S,SRT,"230,000",0.021,17.99,"4,812.01",23/02/2016,Confirmed
11/02/2016,20962061,9989907346,B,SRT,"230,000",0.021,17.99,"4,847.99",16/02/2016,Confirmed
10/02/2016,20950545,9989870815,S,AZY,"330,000",0.019,19.95,"6,250.05",15/02/2016,Confirmed
18/01/2016,20829271,9989386637,S,NAG,"32,000",0.1,17.99,"3,182.01",21/01/2016,Confirmed
18/01/2016,20832282,9989398718,B,WPI,"90,000",0.035,17.99,"3,167.99",21/01/2016,Confirmed
13/01/2016,20807401,9989295444,B,NAG,"32,000",0.13,17.99,"4,177.99",18/01/2016,Confirmed
12/01/2016,20801659,9989270407,S,GMM,"17,000",0.245,17.99,"4,147.01",15/01/2016,Confirmed
12/01/2016,20796934,9989251418,B,SRT,"180,000",0.026,17.99,"4,697.99",15/01/2016,Confirmed
12/01/2016,20796237,9989249010,S,AWO,"230,000",0.02,17.99,"4,582.01",15/01/2016,Confirmed
11/01/2016,20792687,9989218363,B,GMM,"17,000",0.245,17.99,"4,182.99",14/01/2016,Confirmed
11/01/2016,20788464,9989214691,B,RAP,"38,000",0.13,17.99,"4,957.99",14/01/2016,Confirmed
8/01/2016,20783120,9989117664,S,RAP,"33,000",0.13,17.99,"4,272.01",13/01/2016,Confirmed
8/01/2016,20780262,9989108967,S,RYG,"170,000",0.03,19.95,"5,080.05",13/01/2016,Confirmed
5/01/2016,20760434,9989086898,S,BOE,"98,000",0.047,17.99,"4,618.43",8/01/2016,Confirmed
5/01/2016,20760725,9989095937,B,RAP,"33,000",0.14,17.99,"4,637.99",8/01/2016,Confirmed
4/01/2016,20757234,9989078134,B,RYG,"170,000",0.029,17.99,"4,947.99",7/01/2016,Confirmed
4/01/2016,20755136,9989060557,B,BOE,"98,000",0.048,17.99,"4,721.99",7/01/2016,Confirmed
4/01/2016,20752431,9988984169,S,NAG,"47,000",0.2,19.95,"9,380.05",7/01/2016,Confirmed
17/12/2015,20688544,9988801002,B,CNW,"115,000",0.043,17.99,"4,962.99",22/12/2015,Confirmed
17/12/2015,20688366,9988800402,S,DVI,"200,000",0.025,17.99,"4,942.01",22/12/2015,Confirmed
17/12/2015,20687332,9988795141,B,AZY,"330,000",0.015,17.99,"4,967.99",22/12/2015,Confirmed
17/12/2015,20689008,9988794982,B,NAG,"47,000",0.105,17.99,"4,952.99",22/12/2015,Confirmed
16/12/2015,20683830,9988779892,S,RNT,"12,000",0.365,17.99,"4,362.01",21/12/2015,Confirmed
16/12/2015,20683257,9988777813,S,CNW,"120,000",0.043,19.95,"5,140.05",21/12/2015,Confirmed
14/12/2015,20662549,9988690690,B,CNW,"120,000",0.041,17.99,"4,937.99",17/12/2015,Confirmed
11/12/2015,20660667,9988688073,B,BFC,"12,000",0.403,17.99,"4,847.99",16/12/2015,Confirmed
11/12/2015,20659537,9988683265,S,ODN,"290,000",0.019,19.95,"5,490.05",16/12/2015,Confirmed
11/12/2015,20661318,9988690518,S,BFC,"12,000",0.398,17.99,"4,752.01",16/12/2015,Confirmed
10/12/2015,20655088,9988661513,B,RNT,"12,000",0.385,17.99,"4,637.99",15/12/2015,Confirmed
9/12/2015,20645650,9988629002,S,GMM,"23,000",0.205,17.99,"4,697.01",14/12/2015,Confirmed
4/12/2015,20620809,9988444603,B,GMM,"23,000",0.185,17.99,"4,272.99",9/12/2015,Confirmed
1/12/2015,20597338,9988420325,B,GMM,"29,000",0.16,17.99,"4,657.99",4/12/2015,Confirmed
1/12/2015,20600867,9988275599,B,AWO,"230,000",0.021,17.99,"4,847.99",4/12/2015,Confirmed
1/12/2015,20601727,9988444475,S,GMM,"29,000",0.155,17.99,"4,477.01",4/12/2015,Confirmed
30/11/2015,20590735,9988394932,S,PSY,"27,000",0.165,17.99,"4,437.01",3/12/2015,Confirmed
27/11/2015,20585822,9988373395,B,ODN,"290,000",0.017,17.99,"4,947.99",2/12/2015,Confirmed
26/11/2015,20575099,9988329241,B,ODN,"200,000",0.024,17.99,"4,817.99",1/12/2015,Confirmed
26/11/2015,20577961,9988341922,S,ODN,"200,000",0.023,17.99,"4,582.01",1/12/2015,Confirmed
26/11/2015,20573816,9988287673,B,PSY,"20,774",0.185,0,"3,843.19",1/12/2015,Confirmed
25/11/2015,20571522,9988287673,B,PSY,"6,226",0.185,17.99,"1,169.80",30/11/2015,Confirmed
24/11/2015,20563877,9988229791,B,DVI,"200,000",0.024,17.99,"4,817.99",27/11/2015,Confirmed
20/11/2015,20548850,9988214405,S,NWZ,"80,000",0.057,17.99,"4,542.01",25/11/2015,Confirmed
20/11/2015,20547273,9988190806,B,NWZ,"80,000",0.062,17.99,"4,977.99",25/11/2015,Confirmed
18/11/2015,20529191,9988130244,S,DVI,"175,000",0.03,19.95,"5,230.05",23/11/2015,Confirmed
16/11/2015,20516410,9988072724,S,GMM,"32,000",0.165,19.95,"5,260.05",19/11/2015,Confirmed
16/11/2015,20520650,9988055893,S,AJM,"90,000",0.046,17.99,"4,083.58",19/11/2015,Confirmed
12/11/2015,20501164,9987902182,B,DVI,"175,000",0.028,17.99,"4,917.99",17/11/2015,Confirmed
12/11/2015,20501189,9988004314,B,CM8,"16,000",0.31,17.99,"4,977.99",17/11/2015,Confirmed
12/11/2015,20501050,9988002570,S,DSH,"6,300",0.75,17.99,"4,707.01",17/11/2015,Confirmed
11/11/2015,20497490,9987986471,S,DSH,"6,200",0.785,17.99,"4,849.01",16/11/2015,Confirmed
11/11/2015,20498729,9987988594,B,DSH,"6,300",0.785,17.99,"4,963.49",16/11/2015,Confirmed
10/11/2015,20489936,9987951183,S,LWP,"750,000",0.007,19.95,"5,230.05",13/11/2015,Confirmed
6/11/2015,20471080,9987802476,B,MNQ,"190,000",0.026,17.99,"4,957.99",11/11/2015,Confirmed
5/11/2015,20464704,9987840049,B,DSH,"6,200",0.805,17.99,"5,008.99",10/11/2015,Confirmed
5/11/2015,20466375,9987824147,B,GMM,"32,000",0.155,17.99,"4,977.99",10/11/2015,Confirmed
3/11/2015,20450923,9987778279,S,GXY,"98,000",0.075,19.95,"7,330.05",6/11/2015,Confirmed
28/10/2015,20419751,9987641827,S,DVI,"320,000",0.031,19.95,"9,900.05",2/11/2015,Confirmed
27/10/2015,20416792,9987389286,B,DVI,"320,000",0.031,19.95,"9,939.95",30/10/2015,Confirmed
21/10/2015,20389676,9987510400,B,AJM,"90,000",0.055,17.99,"4,967.99",26/10/2015,Confirmed
20/10/2015,20383487,9987480444,S,GMM,"47,000",0.185,19.95,"8,674.98",23/10/2015,Confirmed
19/10/2015,20375153,9987445156,B,GMM,"24,000",0.195,17.99,"4,697.99",22/10/2015,Confirmed
19/10/2015,20374827,9987429730,S,RAP,"140,000",0.033,17.99,"4,602.01",22/10/2015,Confirmed
14/10/2015,20351578,9987340291,S,GXY,"90,000",0.051,17.99,"4,614.31",19/10/2015,Confirmed
14/10/2015,20351064,9987338031,S,CVT,"14,000",0.315,17.99,"4,392.01",19/10/2015,Confirmed
14/10/2015,20353299,9987348939,B,GMM,"23,000",0.17,17.99,"3,927.99",19/10/2015,Confirmed
14/10/2015,20351111,9987337254,B,GXY,"90,000",0.055,17.99,"4,967.99",19/10/2015,Confirmed
14/10/2015,20352915,9987347287,B,GXY,"98,000",0.051,17.99,"5,015.99",19/10/2015,Confirmed
14/10/2015,20350513,9987335363,S,GMM,"29,000",0.175,19.95,"5,055.05",19/10/2015,Confirmed
14/10/2015,20349018,9987327632,B,GMM,"29,000",0.165,17.99,"4,802.99",19/10/2015,Confirmed
13/10/2015,20346188,9987313265,B,CVT,"14,000",0.335,17.99,"4,707.99",16/10/2015,Confirmed
12/10/2015,20335362,9987269325,S,DVI,"270,000",0.035,19.95,"9,430.05",15/10/2015,Confirmed
8/10/2015,20324355,9987220031,B,1PG,"1,100",4.43,17.99,"4,890.99",13/10/2015,Confirmed
8/10/2015,20326822,9987230310,S,1PG,"1,100",4.07,17.99,"4,459.01",13/10/2015,Confirmed
8/10/2015,20324207,9987218700,S,RAP,"140,000",0.033,17.99,"4,602.01",13/10/2015,Confirmed
8/10/2015,20327426,9987232612,B,RAP,"140,000",0.033,17.99,"4,637.99",13/10/2015,Confirmed
6/10/2015,20314263,9987150967,B,RAP,"140,000",0.035,17.99,"4,917.99",9/10/2015,Confirmed
11/09/2015,20182573,9986666139,S,GMM,"84,000",0.062,19.95,"5,224.82",16/09/2015,Confirmed
1/09/2015,20106223,9986420522,S,WCN,"290,000",0.011,17.99,"3,172.01",4/09/2015,Confirmed
6/08/2015,19925379,9985688586,B,DVI,"270,000",0.023,19.95,"6,229.95",11/08/2015,Confirmed
6/08/2015,19922087,9985673662,S,MAT,"4,900",0.16,17.99,766.01,11/08/2015,Confirmed
3/08/2015,19903351,9985589425,B,LWP,"450,000",0.011,17.99,"4,967.99",6/08/2015,Confirmed
14/07/2015,19806099,9985105354,S,JKA,"60,000",0.01,17.99,582.01,17/07/2015,Confirmed
10/07/2015,19796067,9985106009,S,APG,"100,000",0.007,17.99,682.01,15/07/2015,Confirmed
3/07/2015,19761962,9984963248,S,BIT,"31,000",0.135,17.99,"4,167.01",8/07/2015,Confirmed
2/07/2015,19758624,9984947777,S,BGS,"185,000",0.009,17.99,"1,647.01",7/07/2015,Confirmed
2/07/2015,19757021,9984941898,S,IXR,"60,000",0.013,17.99,762.01,7/07/2015,Confirmed
2/07/2015,19755192,9984934788,S,CZL,"16,250",0.04,17.99,632.01,7/07/2015,Confirmed
2/07/2015,19761069,9984957269,S,MRV,"160,000",0.004,17.99,622.01,7/07/2015,Confirmed
1/07/2015,19749656,9984886849,S,MNE,"455,000",0.006,17.99,"2,712.01",6/07/2015,Confirmed
30/06/2015,19746890,9984897769,S,BHP,160,27.02,17.99,"4,305.21",3/07/2015,Confirmed
30/06/2015,19746646,9984896600,S,WPL,125,34.2,17.99,"4,257.01",3/07/2015,Confirmed
30/06/2015,19743825,9984885953,S,AMP,295,5.96,17.99,"1,740.21",3/07/2015,Confirmed
30/06/2015,19746532,9984896459,S,RIO,170,53.82,19.95,"9,129.45",3/07/2015,Confirmed
11/06/2015,19642896,9984482043,B,CM8,"20,000",0.25,17.99,"5,017.99",16/06/2015,Confirmed
11/06/2015,19642509,9984481214,S,CM8,"22,000",0.24,19.95,"5,260.05",16/06/2015,Confirmed
11/06/2015,19641838,9984479867,B,CM8,"22,000",0.225,17.99,"4,967.99",16/06/2015,Confirmed
11/06/2015,19641484,9984478694,S,CM8,"22,000",0.24,19.95,"5,260.05",16/06/2015,Confirmed
10/06/2015,19639550,9984468111,B,CM8,"22,000",0.215,17.99,"4,747.99",15/06/2015,Confirmed
10/06/2015,19637126,9984459645,S,SWM,"4,600",1.07,17.99,"4,904.01",15/06/2015,Confirmed
10/06/2015,19635892,9984455182,B,SWM,"4,600",1.075,17.99,"4,962.99",15/06/2015,Confirmed
10/06/2015,19635759,9984454658,S,CVT,"12,000",0.415,17.99,"4,962.01",15/06/2015,Confirmed
5/06/2015,19619739,9984381917,B,CVT,"12,000",0.41,17.99,"4,937.99",11/06/2015,Confirmed
4/06/2015,19613778,9984321789,B,LWP,"300,000",0.013,17.99,"3,917.99",10/06/2015,Confirmed
3/06/2015,19611095,9984336204,S,PSY,"33,000",0.15,17.99,"4,927.40",9/06/2015,Confirmed
2/06/2015,19603692,9984313681,S,MYR,"2,700",1.46,17.99,"3,924.01",5/06/2015,Confirmed
1/06/2015,19594957,9984275841,B,PSY,"33,000",0.15,17.99,"4,967.99",4/06/2015,Confirmed
1/06/2015,19595491,9984265004,B,MYR,"2,700",1.475,17.99,"4,000.49",4/06/2015,Confirmed
29/05/2015,19583044,9984217751,S,CKK,"300,000",0.017,19.95,"5,080.05",3/06/2015,Confirmed
28/05/2015,19580839,9984213553,S,CKK,"300,000",0.024,19.95,"7,180.05",2/06/2015,Confirmed
28/05/2015,19581339,9984213661,B,CKK,"300,000",0.019,19.95,"5,719.95",2/06/2015,Confirmed
27/05/2015,19572499,9984172822,B,CKK,"300,000",0.016,17.99,"4,817.99",1/06/2015,Confirmed
25/05/2015,19562544,9984131482,S,MMC,"320,000",0.003,17.99,942.01,28/05/2015,Confirmed
22/05/2015,19550547,9984070659,S,MGX,"20,000",0.235,17.99,"4,682.01",27/05/2015,Confirmed
18/05/2015,19525892,9983956615,B,MGX,"20,000",0.24,17.99,"4,817.99",21/05/2015,Confirmed
14/05/2015,19509117,9983877619,S,FMG,"2,000",2.41,17.99,"4,802.01",19/05/2015,Confirmed
12/05/2015,19496855,9983827747,B,FMG,"2,000",2.52,19.95,"5,059.95",15/05/2015,Confirmed
8/05/2015,19483253,9983725175,S,PSY,"23,000",0.184,17.99,"4,214.61",13/05/2015,Confirmed
24/04/2015,19402708,9983435768,B,PSY,"23,000",0.215,17.99,"4,962.99",29/04/2015,Confirmed
23/04/2015,19396945,9983418317,S,NAB,185,38.02,19.95,"7,013.75",28/04/2015,Confirmed
26/02/2015,19139078,9982308448,B,BIT,"31,000",0.16,17.99,"4,977.99",3/03/2015,Confirmed
26/02/2015,19139061,9982308357,S,PRR,"140,000",0.037,19.95,"5,160.05",3/03/2015,Confirmed
21/01/2015,18970658,9981513262,B,PRR,"140,000",0.036,19.95,"5,059.95",27/01/2015,Confirmed
21/01/2015,18967422,9981497925,S,CL8O,"550,000",0.009,17.99,"4,932.01",27/01/2015,Confirmed
13/01/2015,18932001,9981308130,B,CL8O,"550,000",0.009,17.99,"4,967.99",16/01/2015,Confirmed
13/01/2015,18931314,9981307679,S,MGX,"21,000",0.255,19.95,"5,335.05",16/01/2015,Confirmed
9/01/2015,18921738,9981212814,S,MGX,"24,000",0.26,19.95,"6,220.05",14/01/2015,Confirmed
9/01/2015,18922274,9981260758,B,CL8,"280,000",0.017,17.99,"4,777.99",14/01/2015,Confirmed
9/01/2015,18924733,9981273291,S,CL8,"280,000",0.015,17.99,"4,182.01",14/01/2015,Confirmed
9/01/2015,18924745,9981273325,B,MGX,"21,000",0.28,19.95,"5,899.95",14/01/2015,Confirmed
15/12/2014,18838882,9980820309,S,MGX,"23,000",0.2,17.99,"4,582.01",18/12/2014,Confirmed
15/12/2014,18839921,9980823025,B,MGX,"24,000",0.21,19.95,"5,059.95",18/12/2014,Confirmed
11/12/2014,18829232,9980774514,B,MGX,"23,000",0.215,17.99,"4,962.99",16/12/2014,Confirmed
10/12/2014,18821917,9980720465,S,AJX,"12,000",0.5,19.95,"5,980.05",15/12/2014,Confirmed
8/12/2014,18805327,9980631977,B,AJX,"12,000",0.435,19.95,"5,239.95",11/12/2014,Confirmed
4/12/2014,18793252,9980617074,S,AJX,"12,000",0.38,17.99,"4,542.01",9/12/2014,Confirmed
3/12/2014,18783305,9980570782,B,AJX,"12,000",0.415,17.99,"4,997.99",8/12/2014,Confirmed
3/12/2014,18782619,9980553915,S,AJX,"13,000",0.435,19.95,"5,635.05",8/12/2014,Confirmed
28/11/2014,18758932,9980451770,B,AJX,"13,000",0.32,17.99,"4,177.99",3/12/2014,Confirmed
26/11/2014,18748721,9980395215,S,SHP,"270,000",0.016,17.99,"4,302.01",1/12/2014,Confirmed
23/10/2014,18610189,9979666487,B,SHP,"270,000",0.018,17.99,"4,877.99",28/10/2014,Confirmed
22/10/2014,18602355,9979625931,S,SHP,"300,000",0.016,17.99,"4,782.01",27/10/2014,Confirmed
20/10/2014,18591764,9979550190,B,SHP,"300,000",0.017,19.95,"5,119.95",23/10/2014,Confirmed
17/10/2014,18584197,9979519266,B,NXR,"150,000",0.031,17.99,"4,667.99",22/10/2014,Confirmed
17/10/2014,18588292,9979532290,S,NXR,"150,000",0.033,17.99,"4,932.01",22/10/2014,Confirmed
14/10/2014,18566525,9979429360,B,WPL,125,38.69,17.99,"4,854.24",17/10/2014,Confirmed
9/10/2014,18551056,9979347860,S,AKK,"600,000",0.013,19.95,"7,780.05",14/10/2014,Confirmed
17/07/2014,18172241,9977577947,B,RDR,"115,000",0.043,17.99,"4,962.99",22/07/2014,Confirmed
17/07/2014,18172821,9977580178,S,RDR,"115,000",0.045,19.95,"5,155.05",22/07/2014,Confirmed
17/07/2014,18172937,9977580753,B,WCN,"290,000",0.017,17.99,"4,947.99",22/07/2014,Confirmed
9/07/2014,18143014,9977432553,B,MNC,"200,000",0.025,17.99,"5,017.99",14/07/2014,Confirmed
3/03/2014,17648729,9975131802,B,MNE,"135,000",0.037,17.99,"5,012.99",6/03/2014,Confirmed
25/02/2014,17620960,9974990806,B,MNE,"170,000",0.029,17.99,"4,947.99",28/02/2014,Confirmed
25/02/2014,17618376,9974988946,S,SHP,"230,000",0.036,19.95,"8,260.05",28/02/2014,Confirmed
7/02/2014,17543476,9974571511,B,SHP,"159,578",0.021,0,"3,351.14",12/02/2014,Confirmed
4/02/2014,17530026,9974571511,B,SHP,"70,422",0.021,17.99,"1,496.85",7/02/2014,Confirmed
4/02/2014,17524744,9974556792,S,AHZ,"30,000",0.16,17.99,"4,782.01",7/02/2014,Confirmed
3/02/2014,17519371,9974534460,B,AHZ,"30,000",0.165,17.99,"4,967.99",6/02/2014,Confirmed
3/02/2014,17519342,9974523594,S,TZL,"28,000",0.185,19.95,"5,160.05",6/02/2014,Confirmed
20/01/2014,17470167,9974307945,S,AVA,"27,000",0.23,19.95,"6,190.05",23/01/2014,Confirmed
20/01/2014,17472238,9974315146,B,TZL,"28,000",0.175,17.99,"4,917.99",23/01/2014,Confirmed
17/01/2014,17466972,9974286561,B,RHT,"53,000",0.094,17.99,"4,999.99",22/01/2014,Confirmed
17/01/2014,17465939,9974286463,S,SHP,"200,000",0.023,17.99,"4,582.01",22/01/2014,Confirmed
15/01/2014,17455677,9974237909,B,AVA,"27,000",0.18,17.99,"4,877.99",20/01/2014,Confirmed
13/01/2014,17446972,9974194121,S,RXL,"125,000",0.043,19.95,"5,355.05",16/01/2014,Confirmed
10/01/2014,17441393,9974167662,B,RXL,"125,000",0.04,17.99,"5,017.99",15/01/2014,Confirmed
10/01/2014,17442516,9974168124,B,SHP,"200,000",0.025,17.99,"5,017.99",15/01/2014,Confirmed
10/01/2014,17440650,9974161988,S,AHZ,"29,000",0.16,17.99,"4,622.01",15/01/2014,Confirmed
9/01/2014,17439037,9974155630,B,CTR,"290,000",0.017,17.99,"4,947.99",14/01/2014,Confirmed
9/01/2014,17438429,9974152912,B,AHZ,"29,000",0.17,17.99,"4,947.99",14/01/2014,Confirmed
6/01/2014,17423074,9974024721,S,NMI,"300,000",0.048,26.99,"14,373.01",9/01/2014,Confirmed
13/11/2013,17237210,9973211437,B,MNE,"150,000",0.033,17.99,"4,967.99",18/11/2013,Confirmed
13/11/2013,17236372,9973061255,S,AHZ,"38,000",0.16,19.95,"6,060.05",18/11/2013,Confirmed
23/10/2013,17143812,9972791510,B,AHZ,"38,000",0.13,17.99,"4,957.99",28/10/2013,Confirmed
23/10/2013,17143250,9972789249,S,SDL,"25,000",0.12,17.99,"2,982.01",28/10/2013,Confirmed
27/09/2013,17046519,9972316864,S,MBN,"125,000",0.027,17.99,"3,357.01",2/10/2013,Confirmed
20/09/2013,17022313,9972198031,B,MMC,"320,000",0.025,19.95,"8,019.95",25/09/2013,Confirmed
20/09/2013,17021071,9971968521,S,MBE,"60,000",0.105,19.95,"6,280.05",25/09/2013,Confirmed
17/09/2013,17001328,9972073067,B,MBN,"124,998",0.079,1.97,"9,876.81",20/09/2013,Confirmed
16/09/2013,17000672,9972073067,B,MBN,2,0.079,17.99,18.15,19/09/2013,Confirmed
13/09/2013,16995372,9972068427,S,MMC,"420,000",0.024,26.99,"10,053.01",18/09/2013,Confirmed
6/09/2013,16962872,9971904632,B,MBE,"60,000",0.081,17.99,"4,877.99",11/09/2013,Confirmed
5/09/2013,16959435,9971901103,S,BTR,"10,000",0.46,17.99,"4,582.01",10/09/2013,Confirmed
5/09/2013,16959663,9971902002,B,BGS,"185,000",0.027,17.99,"5,012.99",10/09/2013,Confirmed
5/09/2013,16959633,9971824504,S,MBE,"70,000",0.079,19.95,"5,510.05",10/09/2013,Confirmed
4/09/2013,16952318,9971866935,B,MNC,"150,000",0.066,19.95,"9,919.95",9/09/2013,Confirmed
4/09/2013,16951686,9971809586,S,DTE,"82,000",0.105,19.95,"8,590.05",9/09/2013,Confirmed
3/09/2013,16948004,9971844705,S,ISN,"8,000",0.636,19.95,"5,064.88",6/09/2013,Confirmed
3/09/2013,16948015,9971845830,B,MNC,"80,000",0.062,17.99,"4,977.99",6/09/2013,Confirmed
2/09/2013,16939995,9971809459,S,BUL,"57,000",0.089,19.95,"5,053.05",5/09/2013,Confirmed
2/09/2013,16941741,9971815919,B,BTR,"10,000",0.5,17.99,"5,017.99",5/09/2013,Confirmed
30/08/2013,16938525,9971798810,S,ISN,"7,700",0.65,19.95,"4,985.05",4/09/2013,Confirmed
30/08/2013,16939618,9971802935,B,MBE,"70,000",0.071,17.99,"4,987.99",4/09/2013,Confirmed
30/08/2013,16936325,9971783310,B,BUL,"57,000",0.087,17.99,"4,976.99",4/09/2013,Confirmed
29/08/2013,16933543,9971775053,B,RIO,170,58.34,19.95,"9,937.75",3/09/2013,Confirmed
29/08/2013,16934275,9971777899,B,IXR,"60,000",0.083,17.99,"4,997.99",3/09/2013,Confirmed
29/08/2013,16932689,9971771444,S,MNC,"80,000",0.062,17.99,"4,938.74",3/09/2013,Confirmed
29/08/2013,16929573,9971756856,S,MBN,"56,000",0.089,17.99,"4,966.01",3/09/2013,Confirmed
29/08/2013,16931387,9971746378,B,MNC,"80,000",0.061,17.99,"4,897.99",3/09/2013,Confirmed
29/08/2013,16930456,9971756322,B,BTR,"10,000",0.48,17.99,"4,817.99",3/09/2013,Confirmed
29/08/2013,16933851,9971776183,S,BTR,"10,000",0.465,17.99,"4,632.01",3/09/2013,Confirmed
29/08/2013,16932750,9971447388,S,BUL,"58,000",0.083,17.99,"4,796.01",3/09/2013,Confirmed
28/08/2013,16927330,9971747090,B,ISN,"7,700",0.645,17.99,"4,984.49",2/09/2013,Confirmed
28/08/2013,16925665,9971739618,S,BGS,"215,000",0.025,19.95,"5,355.05",2/09/2013,Confirmed
28/08/2013,16925181,9971737723,B,MBN,"56,000",0.088,17.99,"4,945.99",2/09/2013,Confirmed
28/08/2013,16924765,9971735957,S,CWE,"80,000",0.076,19.95,"6,060.05",2/09/2013,Confirmed
28/08/2013,16926489,9971731057,S,AHZ,"115,000",0.098,26.99,"11,243.01",2/09/2013,Confirmed
27/08/2013,16921509,9971718280,B,AHZ,"115,000",0.082,19.95,"9,449.95",30/08/2013,Confirmed
27/08/2013,16918555,9971703851,B,NMI,"300,000",0.016,17.99,"4,817.99",30/08/2013,Confirmed
27/08/2013,16918099,9971702191,B,ISN,"8,000",0.605,17.99,"4,857.99",30/08/2013,Confirmed
27/08/2013,16916758,9971697588,S,AHZ,"225,000",0.079,26.99,"17,748.01",30/08/2013,Confirmed
26/08/2013,16912797,9971673121,B,CWE,"80,000",0.061,17.99,"4,897.99",29/08/2013,Confirmed
26/08/2013,16911003,9971668101,B,AHZ,"90,000",0.077,19.95,"6,949.95",29/08/2013,Confirmed
26/08/2013,16912028,9971664181,S,GOR,"60,000",0.105,19.95,"6,280.05",29/08/2013,Confirmed
23/08/2013,16908567,9971651725,B,GOR,"60,000",0.082,17.99,"4,949.99",28/08/2013,Confirmed
23/08/2013,16907466,9971639363,S,MBN,"115,000",0.105,26.99,"12,042.97",28/08/2013,Confirmed
22/08/2013,16901805,9971620481,S,ICG,"180,000",0.051,19.95,"9,160.05",27/08/2013,Confirmed
22/08/2013,16902381,9971623227,B,DTE,"82,000",0.115,19.95,"9,449.95",27/08/2013,Confirmed
22/08/2013,16900990,9971616382,B,MBN,"115,000",0.11,26.99,"12,676.99",27/08/2013,Confirmed
22/08/2013,16900879,9971616304,S,DTE,"86,000",0.115,19.95,"9,870.05",27/08/2013,Confirmed
22/08/2013,16901788,9971613145,B,AHZ,"135,000",0.074,19.95,"10,009.95",27/08/2013,Confirmed
22/08/2013,16899531,9971610363,B,DTE,"86,000",0.115,19.95,"9,909.95",27/08/2013,Confirmed
22/08/2013,16898721,9971457691,S,MBN,"120,000",0.105,26.99,"12,573.01",27/08/2013,Confirmed
22/08/2013,16898720,9971387245,S,MBN,"100,000",0.105,26.99,"10,473.01",27/08/2013,Confirmed
21/08/2013,16891942,9971555558,B,MMC,"86,544",0.025,0,"2,163.60",26/08/2013,Confirmed
21/08/2013,16893385,9971584073,B,BGS,"215,000",0.022,17.99,"4,747.99",26/08/2013,Confirmed
20/08/2013,16887310,9971556311,B,ICG,"180,000",0.049,19.95,"8,839.95",23/08/2013,Confirmed
20/08/2013,16891390,9971555558,B,MMC,"333,456",0.023,19.95,"7,829.44",23/08/2013,Confirmed
20/08/2013,16886983,9971554929,S,AHZ,"200,000",0.078,26.99,"15,573.01",23/08/2013,Confirmed
20/08/2013,16888158,9971553357,S,CTR,"275,000",0.017,17.99,"4,657.01",23/08/2013,Confirmed
20/08/2013,16886668,9971550039,B,AHZ,"200,000",0.079,26.99,"15,826.99",23/08/2013,Confirmed
20/08/2013,16885394,9971549927,S,AHZ,"130,000",0.079,26.99,"10,243.01",23/08/2013,Confirmed
19/08/2013,16884456,9971457595,S,MNC,"115,000",0.06,19.95,"6,880.05",22/08/2013,Confirmed
19/08/2013,16882441,9971498856,B,AHZ,"130,000",0.075,19.95,"9,769.95",22/08/2013,Confirmed
16/08/2013,16873363,9971499145,B,CTR,"275,000",0.018,17.99,"4,967.99",21/08/2013,Confirmed
16/08/2013,16873279,9971447886,S,AHZ,"187,000",0.072,26.99,"13,437.01",21/08/2013,Confirmed
12/08/2013,16850366,9971363086,B,MNC,"115,000",0.043,17.99,"4,962.99",15/08/2013,Confirmed
12/08/2013,16848702,9971361051,S,DYE,"11,000",0.435,17.99,"4,767.01",15/08/2013,Confirmed
6/08/2013,16825189,9971255551,B,BUL,"58,000",0.086,17.99,"5,005.99",9/08/2013,Confirmed
5/08/2013,16822246,9971242089,B,RXL,"105,000",0.047,17.99,"4,952.99",8/08/2013,Confirmed
5/08/2013,16822072,9971241411,S,RXL,"100,000",0.049,17.99,"4,882.01",8/08/2013,Confirmed
5/08/2013,16823811,9971246139,S,RXL,"105,000",0.054,19.95,"5,650.05",8/08/2013,Confirmed
5/08/2013,16822031,9971241295,B,RXL,"100,000",0.049,17.99,"4,917.99",8/08/2013,Confirmed
5/08/2013,16821747,9971239974,S,RXL,"150,000",0.047,19.95,"7,030.05",8/08/2013,Confirmed
29/07/2013,16791558,9971093305,B,WHN,"290,000",0.017,17.99,"4,947.99",1/08/2013,Confirmed
29/07/2013,16790564,9971091298,S,SDL,"60,000",0.083,17.99,"4,962.01",1/08/2013,Confirmed
26/07/2013,16787289,9971042996,B,MBN,"120,000",0.083,19.95,"9,979.95",31/07/2013,Confirmed
25/07/2013,16781340,9970902388,S,MBN,"135,000",0.08,26.99,"10,773.01",30/07/2013,Confirmed
25/07/2013,16782369,9971045299,B,CTR,"225,000",0.022,17.99,"4,967.99",30/07/2013,Confirmed
25/07/2013,16781348,9971041904,S,MBN,"60,000",0.08,17.99,"4,782.01",30/07/2013,Confirmed
23/07/2013,16772193,9970982507,B,SDL,"60,000",0.083,17.99,"4,997.99",26/07/2013,Confirmed
23/07/2013,16768678,9970977329,S,AZS,"100,000",0.046,17.99,"4,582.01",26/07/2013,Confirmed
23/07/2013,16770488,9970958500,B,DYE,"11,000",0.45,17.99,"4,967.99",26/07/2013,Confirmed
23/07/2013,16768346,9970976108,B,MBN,"60,000",0.082,17.99,"4,937.99",26/07/2013,Confirmed
22/07/2013,16766019,9970963234,S,CZN,"72,000",0.069,17.99,"4,950.01",25/07/2013,Confirmed
22/07/2013,16765772,9970961969,B,CZN,"72,000",0.069,17.99,"4,985.99",25/07/2013,Confirmed
18/07/2013,16756912,9970913615,S,SDL,"114,000",0.084,19.95,"9,556.05",23/07/2013,Confirmed
18/07/2013,16756513,9970911782,B,MBN,"100,000",0.1,19.95,"10,019.95",23/07/2013,Confirmed
18/07/2013,16755492,9970907393,B,AZS,"100,000",0.05,17.99,"5,017.99",23/07/2013,Confirmed
18/07/2013,16755286,9970906578,B,SDL,"114,000",0.087,19.95,"9,937.95",23/07/2013,Confirmed
18/07/2013,16755464,9970905881,S,MBN,"105,000",0.094,19.95,"9,850.05",23/07/2013,Confirmed
18/07/2013,16755124,9970905650,B,MBN,"105,000",0.095,19.95,"9,994.95",23/07/2013,Confirmed
18/07/2013,16755135,9970898692,S,BGS,"230,000",0.023,19.95,"5,270.05",23/07/2013,Confirmed
18/07/2013,16752889,9970896010,S,CTR,"250,000",0.019,17.99,"4,732.01",23/07/2013,Confirmed
17/07/2013,16749724,9970879686,S,NEU,"64,000",0.076,17.99,"4,846.01",22/07/2013,Confirmed
17/07/2013,16749606,9970878432,B,NEU,"64,000",0.077,17.99,"4,945.99",22/07/2013,Confirmed
17/07/2013,16747579,9970868030,B,BGS,"230,000",0.021,17.99,"4,847.99",22/07/2013,Confirmed
16/07/2013,16744627,9970854714,B,MBN,"64,000",0.077,17.99,"4,945.99",19/07/2013,Confirmed
16/07/2013,16744716,9970855475,B,MBN,"61,000",0.081,17.99,"4,958.99",19/07/2013,Confirmed
16/07/2013,16744895,9970856357,S,MBN,"125,000",0.08,19.95,"9,980.05",19/07/2013,Confirmed
16/07/2013,16746105,9970856536,B,MBN,"135,000",0.074,19.95,"10,009.95",19/07/2013,Confirmed
16/07/2013,16744530,9970854602,S,MBN,"86,000",0.076,19.95,"6,516.05",19/07/2013,Confirmed
11/07/2013,16728191,9970770451,B,MBN,"86,000",0.058,17.99,"5,005.99",16/07/2013,Confirmed
10/07/2013,16724261,9970752651,S,NWE,"200,000",0.028,19.95,"5,580.05",15/07/2013,Confirmed
10/07/2013,16720942,9970713810,B,NWE,"200,000",0.024,17.99,"4,817.99",15/07/2013,Confirmed
9/07/2013,16717663,9970721870,B,AHZ,"87,000",0.055,17.99,"4,802.99",12/07/2013,Confirmed
9/07/2013,16719009,9970727550,S,MBN,"75,000",0.058,17.99,"4,332.01",12/07/2013,Confirmed
9/07/2013,16717629,9970711659,S,DYE,"12,000",0.39,17.99,"4,662.01",12/07/2013,Confirmed
8/07/2013,16713282,9970698898,S,TGS,"26,000",0.17,17.99,"4,402.01",11/07/2013,Confirmed
5/07/2013,16707584,9970662384,B,AKK,"600,000",0.014,19.95,"8,419.95",10/07/2013,Confirmed
4/07/2013,16704389,9970648562,B,MBN,"75,000",0.063,17.99,"4,742.99",9/07/2013,Confirmed
4/07/2013,16704547,9970650604,S,AKK,"660,000",0.013,19.95,"8,560.05",9/07/2013,Confirmed
4/07/2013,16703991,9970647426,S,AJQ,"18,000",0.255,17.99,"4,572.01",9/07/2013,Confirmed
4/07/2013,16705041,9970585758,B,RXL,"150,000",0.034,19.95,"5,119.95",9/07/2013,Confirmed
4/07/2013,16702600,9970640425,B,DYE,"12,000",0.415,17.99,"4,997.99",9/07/2013,Confirmed
4/07/2013,16702481,9970640044,S,DTE,"52,000",0.1,19.95,"5,180.05",9/07/2013,Confirmed
3/07/2013,16699566,9970623546,B,CTR,"250,000",0.019,17.99,"4,767.99",8/07/2013,Confirmed
3/07/2013,16699317,9970621119,B,AJQ,"18,000",0.275,17.99,"4,967.99",8/07/2013,Confirmed
3/07/2013,16697767,9970615166,S,BGS,"450,000",0.022,19.95,"9,880.05",8/07/2013,Confirmed
3/07/2013,16698111,9970617229,B,DTE,"52,000",0.095,17.99,"4,957.99",8/07/2013,Confirmed
3/07/2013,16696961,9970612069,B,AHZ,"100,000",0.05,17.99,"5,017.99",8/07/2013,Confirmed
3/07/2013,16697596,9970614787,B,TGS,"26,000",0.19,17.99,"4,957.99",8/07/2013,Confirmed
3/07/2013,16697457,9970613807,B,BGS,"450,000",0.022,19.95,"9,919.95",8/07/2013,Confirmed
3/07/2013,16697117,9970609867,B,BGS,"430,000",0.023,19.95,"9,909.95",8/07/2013,Confirmed
3/07/2013,16697234,9970613291,S,BGS,"430,000",0.022,19.95,"9,440.05",8/07/2013,Confirmed
2/07/2013,16695531,9970601682,S,AJQ,"17,000",0.29,17.99,"4,909.73",5/07/2013,Confirmed
2/07/2013,16692962,9970591137,B,AJQ,"17,000",0.29,17.99,"4,947.99",5/07/2013,Confirmed
28/06/2013,16680742,9970505756,S,AZS,"100,000",0.047,17.99,"4,682.01",3/07/2013,Confirmed
27/06/2013,16675737,9970438574,S,BGS,"260,000",0.02,19.95,"5,180.05",2/07/2013,Confirmed
27/06/2013,16678956,9970495604,B,AZS,"100,000",0.047,17.99,"4,717.99",2/07/2013,Confirmed
26/06/2013,16669567,9970450536,B,AZS,"78,000",0.064,17.99,"5,009.99",1/07/2013,Confirmed
26/06/2013,16669856,9970451871,S,AZS,"78,000",0.058,17.99,"4,535.55",1/07/2013,Confirmed
26/06/2013,16671653,9970460441,B,AKK,"660,000",0.015,19.95,"9,919.95",1/07/2013,Confirmed
26/06/2013,16668365,9970447703,B,BHP,160,31.24,17.99,"5,016.39",1/07/2013,Confirmed
25/06/2013,16664462,9970426011,S,NFE,"43,000",0.11,17.99,"4,712.01",28/06/2013,Confirmed
24/06/2013,16658109,9970390401,B,NFE,"43,000",0.115,17.99,"4,962.99",27/06/2013,Confirmed
24/06/2013,16657852,9970386535,B,BGS,"260,000",0.019,17.99,"4,957.99",27/06/2013,Confirmed
19/06/2013,16636726,9970283371,B,DYE,"13,000",0.38,17.99,"4,957.99",24/06/2013,Confirmed
19/06/2013,16637781,9970288048,S,DYE,"13,000",0.38,17.99,"4,922.01",24/06/2013,Confirmed
18/06/2013,16635002,9970273491,S,DYE,"12,500",0.4,17.99,"4,980.31",21/06/2013,Confirmed
18/06/2013,16633973,9970272815,S,BGS,"260,000",0.022,19.95,"5,700.05",21/06/2013,Confirmed
18/06/2013,16631289,9970260744,B,DYE,"12,500",0.395,17.99,"4,955.49",21/06/2013,Confirmed
17/06/2013,16625295,9970232792,B,NAB,170,29.22,17.99,"4,985.39",20/06/2013,Confirmed
17/06/2013,16627377,9970240535,B,BGS,"260,000",0.019,17.99,"4,957.99",20/06/2013,Confirmed
6/06/2013,16589970,9970054090,S,BLT,"190,000",0.012,17.99,"2,262.01",12/06/2013,Confirmed
6/06/2013,16590403,9970055883,B,SDL,"25,000",0.091,17.99,"2,292.99",12/06/2013,Confirmed
16/05/2013,16501581,9969627178,S,NAB,172,33.12,19.95,"5,676.69",21/05/2013,Confirmed
2/01/2013,15950559,9967037886,B,NRU,"170,000",0.039,19.95,"6,649.95",7/01/2013,Confirmed
21/12/2012,15936228,9966954235,S,RXL,"100,000",0.066,19.95,"6,580.05",28/12/2012,Confirmed
20/01/2012,14832901,9961687758,B,ROBO,"500,000",0.008,17.99,"4,017.99",25/01/2012,Confirmed
20/01/2012,14832670,9961687913,B,BLT,"190,000",0.021,17.99,"4,007.99",25/01/2012,Confirmed
19/01/2012,14827893,9961686977,S,NMR,"120,000",0.059,19.95,"7,060.05",24/01/2012,Confirmed
21/11/2011,14662258,9960869631,S,AKI,"17,000",0.35,19.95,"5,930.05",24/11/2011,Confirmed
21/11/2011,14662809,9960872066,B,NMR,"120,000",0.049,19.95,"5,899.95",24/11/2011,Confirmed
21/10/2011,14568302,9960331718,B,JKA,"60,000",0.16,19.95,"9,619.95",26/10/2011,Confirmed
18/10/2011,14554272,9960329922,S,JKA,"58,000",0.175,26.99,"10,123.01",21/10/2011,Confirmed
4/10/2011,14507939,9959877699,B,CNN,"450,000",0.011,17.99,"4,967.99",7/10/2011,Confirmed
21/09/2011,14456903,9959875382,S,ADO,"71,000",0.068,17.99,"4,810.01",26/09/2011,Confirmed
13/09/2011,14429316,9959752414,B,ADO,"71,000",0.07,17.99,"4,987.99",16/09/2011,Confirmed
9/09/2011,14418964,9959709247,B,AKK,"131,430",0.036,17.99,"4,749.47",14/09/2011,Confirmed
8/09/2011,14415010,9959692649,S,WHNO,"540,000",0.019,26.99,"10,233.01",13/09/2011,Confirmed
23/08/2011,14357830,9959434967,S,SRI,"33,000",0.16,19.95,"5,260.05",26/08/2011,Confirmed
23/08/2011,14357913,9959435247,B,AKI,"17,000",0.3,19.95,"5,119.95",26/08/2011,Confirmed
21/07/2011,14198211,9958757883,B,JKA,"58,000",0.135,19.95,"7,849.95",26/07/2011,Confirmed
21/07/2011,14198159,9958757721,S,AKI,"24,000",0.33,19.95,"7,900.05",26/07/2011,Confirmed
19/07/2011,14188216,9958716692,S,SDL,"14,000",0.49,19.95,"6,840.05",22/07/2011,Confirmed
19/07/2011,14188385,9958717210,B,AKI,"24,000",0.3,19.95,"7,219.95",22/07/2011,Confirmed
12/07/2011,14162125,9958611141,B,SDL,"14,000",0.34,17.99,"4,777.99",15/07/2011,Confirmed
2/06/2011,13948367,9958051439,S,ADO,"56,000",0.088,17.99,"4,910.01",7/06/2011,Confirmed
2/06/2011,13947110,9958047675,S,SDL,"15,000",0.38,19.95,"5,680.05",7/06/2011,Confirmed
31/05/2011,13934207,9957996198,S,AVQ,"75,000",0.062,17.99,"4,632.01",3/06/2011,Confirmed
31/05/2011,13934225,9957996321,B,SDL,"15,000",0.39,19.95,"5,869.95",3/06/2011,Confirmed
23/05/2011,13906934,9957885866,B,ADO,"56,000",0.088,17.99,"4,945.99",26/05/2011,Confirmed
20/05/2011,13903270,9957869270,S,NAE,"43,000",0.12,19.95,"5,140.05",25/05/2011,Confirmed
13/05/2011,13875822,9957758272,B,CXY,"160,000",0.03,17.99,"4,817.99",18/05/2011,Confirmed
13/05/2011,13875906,9957754772,B,AVQ,"75,000",0.066,17.99,"4,967.99",18/05/2011,Confirmed
12/05/2011,13870902,9957738266,S,AKK,"440,000",0.036,26.99,"15,813.01",17/05/2011,Confirmed
12/05/2011,13872448,9957744498,B,NAE,"43,000",0.115,17.99,"4,962.99",17/05/2011,Confirmed
30/03/2011,13708668,9957074282,B,WHNO,"540,000",0.012,19.95,"6,499.95",4/04/2011,Confirmed
30/03/2011,13707451,9957074142,S,MNM,"37,000",0.175,19.95,"6,455.05",4/04/2011,Confirmed
28/03/2011,13698716,9957035899,B,MNM,"37,000",0.175,19.95,"6,494.95",31/03/2011,Confirmed
28/03/2011,13698294,9957035229,S,AVQ,"100,000",0.066,19.95,"6,580.05",31/03/2011,Confirmed
24/03/2011,13684915,9956980608,S,AVQ,"110,000",0.047,19.95,"5,150.05",29/03/2011,Confirmed
24/03/2011,13684998,9956980922,B,MYG,"44,000",0.145,19.95,"6,399.95",29/03/2011,Confirmed
16/03/2011,13649256,9956824396,B,AVQ,"110,000",0.044,17.99,"4,857.99",21/03/2011,Confirmed
15/03/2011,13636854,9956777651,B,AVQ,"100,000",0.054,19.95,"5,419.95",18/03/2011,Confirmed
14/03/2011,13629348,9956746526,S,AYN,"83,000",0.063,19.95,"5,209.05",17/03/2011,Confirmed
14/03/2011,13631918,9956756389,S,AVQ,"100,000",0.054,19.95,"5,380.05",17/03/2011,Confirmed
11/03/2011,13624209,9956724419,B,AVQ,"100,000",0.049,17.99,"4,917.99",17/03/2011,Confirmed
11/03/2011,13623456,9956721869,B,AYN,"83,000",0.06,17.99,"4,997.99",17/03/2011,Confirmed
10/03/2011,13618472,9956703322,S,SDL,"22,000",0.49,26.99,"10,753.01",16/03/2011,Confirmed
7/03/2011,13596882,9956618780,S,WHNO,"587,500",0.016,19.95,"9,380.05",10/03/2011,Confirmed
7/03/2011,13597241,9956619964,B,GMM,"38,000",0.25,19.95,"9,519.95",10/03/2011,Confirmed
4/03/2011,13591583,9956595712,S,WHN,"270,000",0.045,26.99,"12,123.01",9/03/2011,Confirmed
4/03/2011,13591706,9956596202,S,PEK,"11,000",0.85,19.95,"9,330.05",9/03/2011,Confirmed
4/03/2011,13592702,9956600020,B,SDL,"22,000",0.515,26.99,"11,356.99",9/03/2011,Confirmed
4/03/2011,13592682,9956599612,S,AYN,"130,000",0.072,19.95,"9,338.37",9/03/2011,Confirmed
4/03/2011,13594900,9956597926,B,WHNO,"587,500",0.016,19.95,"9,419.95",9/03/2011,Confirmed
4/03/2011,13592040,9956597389,B,GMM,"46,000",0.215,19.95,"9,909.95",9/03/2011,Confirmed
3/03/2011,13588610,9956582270,B,AKK,"200,000",0.037,19.95,"7,419.95",8/03/2011,Confirmed
3/03/2011,13587671,9956578948,B,WHN,"270,000",0.037,19.95,"10,009.95",8/03/2011,Confirmed
3/03/2011,13586357,9956574002,B,AYN,"130,000",0.075,19.95,"9,769.95",8/03/2011,Confirmed
3/03/2011,13589061,9956583968,B,CCCO,"160,000",0.039,19.95,"6,259.95",8/03/2011,Confirmed
2/03/2011,13583682,9956561087,B,PEK,"11,000",0.865,19.95,"9,534.95",7/03/2011,Confirmed
2/03/2011,13583233,9956559519,S,FML,"520,000",0.083,47.48,"43,112.52",7/03/2011,Confirmed
11/01/2011,13372173,9955701931,B,NRU,"80,000",0.12,19.95,"9,619.95",14/01/2011,Confirmed
11/01/2011,13372491,9955703338,B,AKK,"240,000",0.034,19.95,"8,179.95",14/01/2011,Confirmed
11/01/2011,13371727,9955700894,S,SDL,"32,000",0.555,26.99,"17,733.01",14/01/2011,Confirmed
5/01/2011,13351258,9955611793,B,SDL,"32,000",0.595,26.99,"19,066.99",10/01/2011,Confirmed
5/01/2011,13351384,9955612569,S,MNM,"33,000",0.24,19.95,"7,900.05",10/01/2011,Confirmed
5/01/2011,13351685,9955613848,B,NRU,"75,000",0.105,19.95,"7,894.95",10/01/2011,Confirmed
5/01/2011,13351095,9955611445,S,SDL,"32,000",0.6,26.99,"19,173.01",10/01/2011,Confirmed
31/12/2010,13338246,9955554585,S,PIE,"200,000",0.029,19.95,"5,780.05",6/01/2011,Confirmed
31/12/2010,13338385,9955554871,B,MNM,"33,000",0.15,17.99,"4,967.99",6/01/2011,Confirmed
31/12/2010,13340266,9955562718,B,PIE,"100,000",0.026,17.99,"2,617.99",6/01/2011,Confirmed
31/12/2010,13338591,9955555685,B,RXLOA,"100,000",0.04,17.99,"4,017.99",6/01/2011,Confirmed
31/12/2010,13338617,9955555777,B,QMNO,"100,000",0.044,17.99,"4,417.99",6/01/2011,Confirmed
31/12/2010,13338535,9955555462,S,LEG,"85,000",0.095,19.95,"8,055.05",6/01/2011,Confirmed
30/12/2010,13334885,9955538887,B,LEG,"85,000",0.059,19.95,"5,034.95",5/01/2011,Confirmed
30/12/2010,13334729,9955538296,B,AVBOB,"42,000",0.12,19.95,"5,059.95",5/01/2011,Confirmed
30/12/2010,13334390,9955536501,S,QMN,"32,000",0.165,19.95,"5,260.05",5/01/2011,Confirmed
29/12/2010,13333631,9955531960,B,QMN,"32,000",0.16,19.95,"5,139.95",4/01/2011,Confirmed
29/12/2010,13331229,9955522261,B,PIE,"200,000",0.025,17.99,"5,017.99",4/01/2011,Confirmed
29/12/2010,13330770,9955520309,B,CCCO,"100,000",0.048,17.99,"4,817.99",4/01/2011,Confirmed
24/12/2010,13327529,9955309854,S,SDL,"40,000",0.54,26.99,"21,571.36",31/12/2010,Confirmed
11/10/2010,4795365,11068036,B,SDL,"32,000",0.3,19.95,"9,619.95",14/10/2010,Confirmed
30/09/2010,4791135,11053379,S,AVBOB,"65,000",0.076,17.99,"4,922.01",6/10/2010,Confirmed
30/09/2010,4791252,11053718,B,SDL,"20,000",0.25,17.99,"5,017.99",6/10/2010,Confirmed
30/09/2010,4791208,11053445,S,AVBOB,"65,000",0.076,17.99,"4,922.01",6/10/2010,Confirmed
30/09/2010,4791139,11053404,B,SDL,"20,000",0.25,17.99,"5,017.99",6/10/2010,Confirmed
29/09/2010,4790709,11051951,S,AVB,"65,000",0.078,19.95,"5,050.05",5/10/2010,Confirmed
29/09/2010,4790711,11051959,B,AVBOB,"85,000",0.058,17.99,"4,947.99",5/10/2010,Confirmed
28/09/2010,4790100,11047591,B,AVBOB,"45,000",0.047,17.99,"2,132.99",1/10/2010,Confirmed
24/09/2010,4788818,11045055,B,AVBOB,"45,000",0.047,17.99,"2,132.99",29/09/2010,Confirmed
24/09/2010,4789174,11046358,S,AVBOB,"45,000",0.05,17.99,"2,232.01",29/09/2010,Confirmed
22/09/2010,4787330,11040350,S,FML,"100,000",0.061,19.95,"6,080.05",27/09/2010,Confirmed
22/09/2010,4787521,11040776,B,ARX,"170,000",0.028,17.99,"4,777.99",27/09/2010,Confirmed
22/09/2010,4787601,11041001,S,ARX,"170,000",0.027,17.99,"4,572.01",27/09/2010,Confirmed
22/09/2010,4787609,11041133,B,AVB,"65,000",0.076,17.99,"4,957.99",27/09/2010,Confirmed
13/09/2010,4782445,11023847,B,FML,"100,000",0.049,17.99,"4,917.99",16/09/2010,Confirmed
10/09/2010,4781841,11021695,S,SDL,"30,000",0.2,19.95,"5,980.05",15/09/2010,Confirmed
4/02/2010,4675872,10663607,B,FML,"80,000",0.061,17.99,"4,897.99",9/02/2010,Confirmed
2/02/2010,4674414,10658228,B,FML,"80,000",0.062,17.99,"4,977.99",5/02/2010,Confirmed
13/01/2010,4664452,10622934,S,GSE,"120,000",0.063,19.95,"7,498.05",18/01/2010,Confirmed
13/01/2010,4664587,10623451,B,FML,"110,000",0.07,19.95,"7,719.95",18/01/2010,Confirmed
7/01/2010,4661423,10612092,B,SDL,"30,000",0.165,17.99,"4,967.99",12/01/2010,Confirmed
7/01/2010,4661413,10612051,S,CWN,600,7.98,17.99,"4,770.01",12/01/2010,Confirmed
6/01/2010,4660923,10610152,B,CWN,600,8.11,17.99,"4,883.99",11/01/2010,Confirmed
6/01/2010,4660783,10609707,S,ARU,"6,200",0.88,19.95,"5,436.05",11/01/2010,Confirmed
14/12/2009,4653292,10582426,B,WCUO,"137,000",0.035,17.99,"4,812.99",17/12/2009,Confirmed
14/12/2009,4653290,10582395,S,SDL,"34,000",0.14,17.99,"4,742.01",17/12/2009,Confirmed
10/12/2009,4651746,10577141,B,WCUO,"170,000",0.029,17.99,"4,947.99",15/12/2009,Confirmed
8/12/2009,4649880,10570829,S,MOF,"16,500",0.295,17.99,"4,849.51",11/12/2009,Confirmed
7/12/2009,4648694,10566640,B,WCUO,"200,000",0.025,17.99,"5,017.99",10/12/2009,Confirmed
4/12/2009,4647949,10563988,S,BLY,"15,000",0.315,17.99,"4,707.01",9/12/2009,Confirmed
4/12/2009,4648506,10562759,B,SDL,"34,000",0.145,17.99,"4,947.99",9/12/2009,Confirmed
4/12/2009,4648021,10564147,B,FML,"80,000",0.06,17.99,"4,817.99",9/12/2009,Confirmed
1/12/2009,4646192,10555535,S,CER,"30,000",0.165,17.99,"4,932.01",4/12/2009,Confirmed
1/12/2009,4645553,10554965,B,ARU,"6,200",0.795,17.99,"4,946.99",4/12/2009,Confirmed
30/11/2009,4645351,10554895,S,KZL,"4,500",1.035,17.99,"4,639.51",3/12/2009,Confirmed
24/11/2009,4641268,10540936,S,LYC,"10,500",0.585,19.95,"6,122.55",27/11/2009,Confirmed
24/11/2009,4641370,10541613,B,BLY,"15,000",0.33,17.99,"4,967.99",27/11/2009,Confirmed
17/11/2009,4636237,10523677,B,KZL,"4,500",1.1,17.99,"4,967.99",20/11/2009,Confirmed
16/11/2009,4635323,10520215,S,MEO,"8,000",0.56,17.99,"4,462.01",19/11/2009,Confirmed
10/11/2009,4632144,10507786,B,LYC,"10,500",0.475,17.99,"5,005.49",13/11/2009,Confirmed
9/11/2009,4631816,10506279,B,MEO,"8,000",0.6,17.99,"4,817.99",12/11/2009,Confirmed
9/11/2009,4631391,10503776,B,MOF,"16,500",0.3,17.99,"4,967.99",12/11/2009,Confirmed
6/11/2009,4630350,10501614,B,FML,"170,000",0.058,19.95,"9,879.95",11/11/2009,Confirmed
6/11/2009,4630732,10501189,B,CER,"30,000",0.165,17.99,"4,967.99",11/11/2009,Confirmed
2/11/2009,4626971,10484952,B,DYL,"30,000",0.33,19.95,"9,919.95",6/11/2009,Confirmed
29/10/2009,4624577,10480673,S,FML,"510,000",0.044,26.99,"22,413.01",4/11/2009,Confirmed
29/10/2009,4624665,10480662,S,SDL,"60,000",0.15,19.95,"8,980.05",4/11/2009,Confirmed
28/10/2009,4624175,10479072,S,MEO,"8,000",0.58,17.99,"4,622.01",2/11/2009,Confirmed
28/10/2009,4624462,10479776,B,FML,"200,000",0.047,19.95,"9,419.95",2/11/2009,Confirmed
27/10/2009,4622817,10474808,S,SAE,"28,000",0.155,17.99,"4,322.01",30/10/2009,Confirmed
15/10/2009,4613629,10443079,B,SDL,"28,000",0.175,17.99,"4,917.99",20/10/2009,Confirmed
14/10/2009,4612749,10439814,S,FML,"160,000",0.063,26.99,"10,053.01",19/10/2009,Confirmed
14/10/2009,4613206,10441450,B,SRI,"33,000",0.15,17.99,"4,967.99",19/10/2009,Confirmed
12/10/2009,4611055,10426133,B,MEO,"8,000",0.625,17.99,"5,017.99",15/10/2009,Confirmed
7/10/2009,4607587,10421202,B,FML,"220,000",0.045,19.95,"9,919.95",12/10/2009,Confirmed
6/10/2009,4606831,10417634,B,SDL,"32,000",0.155,17.99,"4,977.99",9/10/2009,Confirmed
6/10/2009,4607263,10419793,S,OEL,"75,000",0.064,17.99,"4,782.01",9/10/2009,Confirmed
6/10/2009,4606785,10418035,S,MEO,"7,000",0.715,19.95,"4,985.05",9/10/2009,Confirmed
6/10/2009,4606805,10418145,B,OEL,"75,000",0.066,17.99,"4,967.99",9/10/2009,Confirmed
5/10/2009,4606525,10415570,B,MEO,"14,000",0.68,19.95,"9,539.95",8/10/2009,Confirmed
2/10/2009,4605091,10411317,S,MEO,"9,000",0.67,19.95,"6,010.05",8/10/2009,Confirmed
1/10/2009,4604138,10408104,B,FML,"250,000",0.04,19.95,"10,019.95",7/10/2009,Confirmed
1/10/2009,4604096,10407916,S,CTPO,"100,000",0.11,26.99,"10,973.01",7/10/2009,Confirmed
30/09/2009,4603210,10404634,S,GTE,"30,284",0.162,17.99,"4,876.03",6/10/2009,Confirmed
30/09/2009,4603820,10406755,S,CCL,393,9.76,17.99,"3,817.69",6/10/2009,Confirmed
30/09/2009,4603572,10405997,B,CTPO,"45,000",0.11,17.99,"4,967.99",6/10/2009,Confirmed
30/09/2009,4603568,10405974,B,MEO,"9,000",0.665,19.95,"6,004.95",6/10/2009,Confirmed
29/09/2009,4602245,10401162,B,BSM,"18,000",0.265,17.99,"4,787.99",2/10/2009,Confirmed
29/09/2009,4602337,10401528,S,BSM,"18,000",0.265,17.99,"4,752.01",2/10/2009,Confirmed
28/09/2009,4602112,10400370,S,FML,"170,000",0.039,19.95,"6,610.05",1/10/2009,Confirmed
28/09/2009,4601821,10399556,S,BSM,"19,000",0.265,19.95,"5,015.05",1/10/2009,Confirmed
28/09/2009,4601811,10399483,B,BSM,"19,000",0.26,17.99,"4,957.99",1/10/2009,Confirmed
24/09/2009,4598971,10389299,S,SDL,"30,000",0.16,17.99,"4,782.01",29/09/2009,Confirmed
23/09/2009,4598641,10388218,B,SDL,"30,000",0.165,17.99,"4,967.99",28/09/2009,Confirmed
23/09/2009,4598057,10385985,B,CTPO,"55,000",0.09,17.99,"4,989.88",28/09/2009,Confirmed
23/09/2009,4598339,10387093,S,MAT,"17,000",0.23,17.99,"3,892.01",28/09/2009,Confirmed
21/09/2009,4596199,10379276,S,MEO,"8,500",0.71,19.95,"6,015.05",24/09/2009,Confirmed
9/09/2009,4582927,10326148,B,FML,"170,000",0.031,19.95,"5,289.95",14/09/2009,Confirmed
8/09/2009,4581300,10325846,S,SDL,"32,000",0.17,19.95,"5,420.05",11/09/2009,Confirmed
4/09/2009,4576842,10308622,B,SAE,"28,000",0.155,17.99,"4,357.99",9/09/2009,Confirmed
3/09/2009,4574888,10301613,B,MEO,"8,500",0.56,17.99,"4,777.99",8/09/2009,Confirmed
2/09/2009,4573654,10297648,S,DYL,"20,000",0.28,19.95,"5,580.05",7/09/2009,Confirmed
1/09/2009,4570950,10288002,S,INL,"220,000",0.016,17.99,"3,502.01",4/09/2009,Confirmed
21/08/2009,4556418,10237239,B,SDL,"24,200",0.185,17.99,"4,494.99",26/08/2009,Confirmed
20/08/2009,4554536,10229824,S,GDN,"101,000",0.046,17.99,"4,628.01",25/08/2009,Confirmed
18/08/2009,4552200,10221106,B,SDL,"7,800",0.185,17.99,"1,460.99",21/08/2009,Confirmed
18/08/2009,4550850,10216837,S,MLS,"94,000",0.015,17.99,"1,392.01",21/08/2009,Confirmed
10/08/2009,4538134,10166906,B,MAT,"17,000",0.165,17.99,"2,822.99",13/08/2009,Confirmed
6/08/2009,4535473,10105397,B,DYL,"20,000",0.325,19.95,"6,519.95",11/08/2009,Confirmed
27/07/2009,4516794,10099308,S,MAT,"50,000",0.19,19.95,"9,480.05",30/07/2009,Confirmed
7/07/2009,4493130,10009834,B,INL,"220,000",0.018,17.99,"3,977.99",10/07/2009,Confirmed
6/07/2009,4491794,10009385,S,BSM,"17,000",0.24,17.99,"4,062.01",9/07/2009,Confirmed
25/06/2009,4480283,9969853,B,BSM,"17,000",0.205,17.99,"3,502.99",30/06/2009,Confirmed
22/06/2009,4474663,9943705,B,WCUO,"3,000",0.085,0,255,25/06/2009,Confirmed
19/06/2009,4473825,9943705,B,WCUO,"50,000",0.085,17.99,"4,267.99",24/06/2009,Confirmed
17/06/2009,4468063,9930310,S,DYL,"19,000",0.385,19.95,"7,295.05",22/06/2009,Confirmed
9/06/2009,4455471,9888706,S,URA,"11,631",0.067,17.99,761.29,12/06/2009,Confirmed
10/04/2008,4025331,8259489,B,KALO,"1,500",0.008,0,12,15/04/2008,Confirmed
9/04/2008,4024804,8259489,B,KALO,"62,500",0.008,17.99,517.99,14/04/2008,Confirmed
28/03/2008,4012714,8251463,B,DYL,"19,000",0.26,17.99,"4,957.99",2/04/2008,Confirmed
13/03/2008,4000432,8155244,B,MLS,"74,000",0.052,0,"3,848.00",18/03/2008,Confirmed
6/03/2008,3991914,8147651,B,ADY,"19,500",0.255,17.99,"4,990.49",12/03/2008,Confirmed
3/03/2008,3987746,8155244,B,MLS,"20,000",0.052,17.99,"1,057.99",6/03/2008,Confirmed
29/02/2008,3984161,8126279,S,AGM,"9,000",1.105,19.95,"9,925.05",5/03/2008,Confirmed
17/12/2007,3892132,7803772,B,KAL,"24,500",0.195,17.99,"4,795.49",20/12/2007,Confirmed
11/12/2007,3885462,7777843,S,ADY,"10,000",0.465,17.99,"4,632.01",14/12/2007,Confirmed
6/12/2007,3878271,7752527,B,ADY,"10,000",0.495,17.99,"4,967.99",11/12/2007,Confirmed
22/06/2007,3620656,6821979,B,WMTO,"45,000",0.11,17.99,"4,967.99",27/06/2007,Confirmed
22/06/2007,3620341,6820717,S,RMG,"140,000",0.04,19.95,"5,580.05",27/06/2007,Confirmed
21/06/2007,3617828,6813663,S,TLS,"1,000",4.7,17.99,"4,682.01",26/06/2007,Confirmed
21/06/2007,3617903,6813734,B,RMG,"140,000",0.033,17.99,"4,637.99",26/06/2007,Confirmed
18/06/2007,3611028,6781409,S,WMT,"36,000",0.249,19.95,"8,944.62",21/06/2007,Confirmed
18/06/2007,3612230,6789972,B,RMI,"49,255",0.057,17.99,"2,825.53",21/06/2007,Confirmed
18/06/2007,3611374,6790158,S,GDNO,"79,000",0.125,19.95,"9,855.05",21/06/2007,Confirmed
18/06/2007,3612253,6790809,B,WMT,"40,000",0.245,19.95,"9,819.95",21/06/2007,Confirmed
18/06/2007,3612233,6793227,S,RMI,"49,255",0.059,17.99,"2,888.06",21/06/2007,Confirmed
15/06/2007,3609200,6781494,S,APG,"79,000",0.125,19.95,"9,855.05",20/06/2007,Confirmed
15/06/2007,3609764,6782240,S,BLR,"47,500",0.22,26.99,"10,423.01",20/06/2007,Confirmed
15/06/2007,3609394,6782093,B,BLR,"47,500",0.21,19.95,"9,994.95",20/06/2007,Confirmed
15/06/2007,3609276,6781552,B,AGS,"4,900",1.97,19.95,"9,672.95",20/06/2007,Confirmed
15/06/2007,3609340,6781858,S,AGS,"4,900",2.05,26.99,"10,018.01",20/06/2007,Confirmed
15/06/2007,3610053,6783847,B,GDNO,"164,500",0.06,19.95,"9,890.92",20/06/2007,Confirmed
14/06/2007,3608707,6778010,B,WMT,"36,000",0.27,19.95,"9,739.95",19/06/2007,Confirmed
14/06/2007,3607932,6776737,S,CBH,"16,800",0.585,19.95,"9,808.05",19/06/2007,Confirmed
14/06/2007,3607103,6774160,B,APG,"79,000",0.125,19.95,"9,894.95",19/06/2007,Confirmed
13/06/2007,3605334,6767523,S,RMG,"220,000",0.045,19.95,"9,880.05",18/06/2007,Confirmed
14/05/2007,3563463,6613256,B,BLRO,"48,000",0.205,19.95,"9,859.95",17/05/2007,Confirmed
14/05/2007,3563139,6605531,S,AEX,"240,000",0.041,19.95,"9,820.05",17/05/2007,Confirmed
7/05/2007,3553035,6536763,B,RMG,"300,000",0.033,19.95,"9,919.95",10/05/2007,Confirmed
7/05/2007,3552620,6566521,B,AGM,"9,000",1.07,19.95,"9,649.95",10/05/2007,Confirmed
4/05/2007,3550273,6563707,S,AGM,"9,000",1.075,19.95,"9,655.05",9/05/2007,Confirmed
3/05/2007,3550138,6561978,B,AGM,"9,000",1.075,19.95,"9,694.95",8/05/2007,Confirmed
30/04/2007,3543039,6512822,S,RMG,"290,000",0.034,19.95,"9,840.05",3/05/2007,Confirmed
27/04/2007,3540945,6504617,B,GSEO,"120,000",0.082,19.95,"9,859.95",2/05/2007,Confirmed
26/04/2007,3540276,6524997,S,HLX,"52,000",0.18,19.95,"9,340.05",1/05/2007,Confirmed
26/04/2007,3539185,6521380,B,AEX,"240,000",0.041,19.95,"9,859.95",1/05/2007,Confirmed
24/04/2007,3537562,6504677,B,HLX,"52,000",0.19,19.95,"9,899.95",30/04/2007,Confirmed
24/04/2007,3537770,6515532,B,CBH,"16,800",0.595,19.95,"10,015.95",30/04/2007,Confirmed
23/04/2007,3534803,6505355,B,WMT,"21,500",0.46,19.95,"9,909.95",27/04/2007,Confirmed
23/04/2007,3535994,6508666,S,WMT,"21,500",0.44,19.95,"9,440.05",27/04/2007,Confirmed
23/04/2007,3534976,6505968,B,GDNO,"15,500",0.63,19.95,"9,784.95",27/04/2007,Confirmed
23/04/2007,3536461,6508563,B,RMG,"340,000",0.029,19.95,"9,879.95",27/04/2007,Confirmed
30/03/2007,3509787,6407692,S,PPX,223,4.19,17.99,916.38,4/04/2007,Confirmed
30/03/2007,3509793,6407702,B,WMT,"3,000",0.26,17.99,797.99,4/04/2007,Confirmed
22/03/2007,3499397,6365185,B,APG,"23,000",0.15,17.99,"3,467.99",27/03/2007,Confirmed
21/03/2007,3497760,6361004,S,NEM,648,5.48,17.99,"3,533.05",26/03/2007,Confirmed
12/03/2007,3487508,6321996,B,APG,"18,000",0.195,17.99,"3,527.99",15/03/2007,Confirmed
12/03/2007,3487482,6321925,S,GGY,"45,000",0.08,17.99,"3,582.01",15/03/2007,Confirmed
6/03/2007,3481606,6298195,B,APG,"54,000",0.185,19.95,"10,009.95",9/03/2007,Confirmed
6/03/2007,3481441,6297849,S,APG,"55,000",0.18,19.95,"9,880.05",9/03/2007,Confirmed
27/02/2007,3469586,6251199,S,CGJ,757,15.64,26.99,"11,812.49",2/03/2007,Confirmed
27/02/2007,3470967,6256402,B,GGY,"45,000",0.073,17.99,"3,302.99",2/03/2007,Confirmed
27/02/2007,3470575,6252764,B,APG,"60,000",0.145,19.95,"8,719.95",2/03/2007,Confirmed
13/02/2007,3451069,6179156,B,URA,500,1,17.99,517.99,16/02/2007,Confirmed
8/02/2007,3445657,6157879,S,AMC,670,7.315,17.99,"4,882.93",13/02/2007,Confirmed
