Confirmation Number,Order Number,Trade Date,Buy/ Sell,Security,Units,Average Price ($),Brokerage (inc GST.),Net Proceeds ($),Settlement Date,Confirmation Status
75025188,N88384868,14/11/2016,S,NAE,30000,0.029,29.95,840.05,16/11/2016,Confirmed
72931657,N85673132,1/07/2016,S,AMN,20000,0.4,29.95,7970.05,5/07/2016,Confirmed
68820328,N80244897,23/09/2015,S,DVI,270000,0.035,29.95,9420.05,28/09/2015,Confirmed
68537143,N80041870,1/09/2015,S,CDB,20667,0.04,29.95,796.73,4/09/2015,Confirmed
68313271,N79761472,21/08/2015,S,EXE,24000,0.041,29.95,954.05,26/08/2015,Confirmed
67807549,N79129311,13/07/2015,S,ABU,4334,0.25,29.95,1053.55,16/07/2015,Confirmed
67785218,N79098645,10/07/2015,S,WPG,43000,0.033,29.95,1389.05,15/07/2015,Confirmed
67696931,N78986358,3/07/2015,S,MNW,13000,0.063,29.95,789.05,8/07/2015,Confirmed
67678883,N78963451,2/07/2015,S,CZL,20000,0.04,29.95,770.05,7/07/2015,Confirmed
67649818,N78924988,30/06/2015,S,MRV,220000,0.004,29.95,850.05,3/07/2015,Confirmed
67649774,N78924928,30/06/2015,S,WCN,240000,0.006,29.95,1410.05,3/07/2015,Confirmed
65979495,N76848726,18/02/2015,S,SEN,55000,0.09,29.95,4920.05,23/02/2015,Confirmed
65956180,N76791823,17/02/2015,B,SEN,55000,0.091,29.95,5034.95,20/02/2015,Confirmed
65926231,N76780986,13/02/2015,S,SEN,55000,0.088,29.95,4810.05,18/02/2015,Confirmed
65911424,N76762532,13/02/2015,B,SEN,55000,0.09,29.95,4979.95,18/02/2015,Confirmed
65634463,N76422002,22/01/2015,B,DVI,270000,0.018,29.95,4889.95,28/01/2015,Confirmed
65348271,N76056567,23/12/2014,S,AJX,10000,0.51,29.95,5070.05,30/12/2014,Confirmed
65341126,N76051781,22/12/2014,B,AJX,10000,0.475,29.95,4779.95,29/12/2014,Confirmed
65305361,N76008408,18/12/2014,S,PEH,34000,0.135,29.95,4560.05,23/12/2014,Confirmed
65304214,N75998368,18/12/2014,B,PEH,34000,0.145,29.95,4959.95,23/12/2014,Confirmed
65291290,N75991123,17/12/2014,S,OIL,110000,0.04,29.95,4420.05,22/12/2014,Confirmed
65275145,N75971510,16/12/2014,S,AJX,12000,0.385,29.95,4590.05,19/12/2014,Confirmed
65273838,N75969267,16/12/2014,B,AJX,12000,0.395,29.95,4769.95,19/12/2014,Confirmed
65273567,N75936720,16/12/2014,B,OIL,110000,0.045,29.95,4979.95,19/12/2014,Confirmed
65224959,N75902521,11/12/2014,S,MGX,24000,0.215,29.95,5130.05,16/12/2014,Confirmed
65203642,N75885277,10/12/2014,B,MGX,24000,0.205,29.95,4949.95,15/12/2014,Confirmed
65190100,N75837239,9/12/2014,S,MGX,20000,0.19,29.95,3770.05,12/12/2014,Confirmed
65155679,N75830425,8/12/2014,B,MGX,20000,0.205,29.95,4129.95,11/12/2014,Confirmed
65152606,N75825613,5/12/2014,S,OIL,80000,0.043,29.95,3410.05,10/12/2014,Confirmed
65139864,N75810672,5/12/2014,S,VET,18000,0.195,29.95,3480.05,10/12/2014,Confirmed
65139000,N75810276,5/12/2014,B,VET,18000,0.205,29.95,3719.95,10/12/2014,Confirmed
65126135,N75792543,4/12/2014,B,OIL,80000,0.047,29.95,3789.95,9/12/2014,Confirmed
65108631,N75773732,3/12/2014,S,DKM,10000,0.37,29.95,3670.05,8/12/2014,Confirmed
65098736,N75761936,2/12/2014,S,OIL,80000,0.048,29.95,3804.05,5/12/2014,Confirmed
65098254,N75761370,2/12/2014,B,OIL,80000,0.051,29.95,4109.95,5/12/2014,Confirmed
65078364,N75736913,1/12/2014,S,CVT,12000,0.325,29.95,3870.05,4/12/2014,Confirmed
65066357,N75716446,1/12/2014,B,CVT,12000,0.335,29.95,4049.95,4/12/2014,Confirmed
65054846,N75710667,28/11/2014,S,NXR,85000,0.048,29.95,4049.77,3/12/2014,Confirmed
65051879,N75707651,28/11/2014,S,OIL,70000,0.053,29.95,3660.05,3/12/2014,Confirmed
65049565,N75694123,28/11/2014,B,OIL,70000,0.056,29.95,3949.95,3/12/2014,Confirmed
65039037,N75693125,28/11/2014,B,DKM,10000,0.41,29.95,4129.95,3/12/2014,Confirmed
65033855,N75686229,27/11/2014,B,NXR,85000,0.048,29.95,4109.95,2/12/2014,Confirmed
65028782,N75681884,27/11/2014,S,OIL,80000,0.058,29.95,4610.05,2/12/2014,Confirmed
65028197,N75681118,27/11/2014,B,OIL,80000,0.062,29.95,4989.95,2/12/2014,Confirmed
65027710,N75680750,27/11/2014,S,WRR,33000,0.14,29.95,4590.05,2/12/2014,Confirmed
65026946,N75680009,27/11/2014,S,AJX,14000,0.33,29.95,4590.05,2/12/2014,Confirmed
65025754,N75678562,27/11/2014,B,WRR,33000,0.15,29.95,4979.95,2/12/2014,Confirmed
65018460,N75669311,26/11/2014,B,AJX,14000,0.34,29.95,4789.95,1/12/2014,Confirmed
65017027,N75667605,26/11/2014,S,LOM,12000,0.416,29.95,4958.16,1/12/2014,Confirmed
65012273,N75661714,26/11/2014,B,LOM,12000,0.415,29.95,5009.95,1/12/2014,Confirmed
65004085,N75651813,25/11/2014,S,OIL,73000,0.066,29.95,4788.05,28/11/2014,Confirmed
65003698,N75651362,25/11/2014,B,OIL,73000,0.068,29.95,4993.95,28/11/2014,Confirmed
65003337,N75650923,25/11/2014,S,OIL,67000,0.065,29.95,4308.05,28/11/2014,Confirmed
64991053,N75635725,24/11/2014,B,OIL,67000,0.074,29.95,4987.95,27/11/2014,Confirmed
64987408,N75631664,24/11/2014,S,AJX,18000,0.33,29.95,5910.05,27/11/2014,Confirmed
64867760,N75484385,12/11/2014,B,AJX,18000,0.275,29.95,4979.95,17/11/2014,Confirmed
64860979,N75477055,11/11/2014,S,AJX,20000,0.245,29.95,4870.05,14/11/2014,Confirmed
64842363,N75459649,10/11/2014,S,NXR,80000,0.06,29.95,4770.05,13/11/2014,Confirmed
64830856,N75445646,10/11/2014,B,AJX,20000,0.245,29.95,4929.95,13/11/2014,Confirmed
64841429,N75444899,10/11/2014,B,NXR,80000,0.063,29.95,5069.95,13/11/2014,Confirmed
64751381,N75351649,3/11/2014,S,NXR,80000,0.069,29.95,5490.05,7/11/2014,Confirmed
64740288,N75337575,31/10/2014,B,NXR,80000,0.062,29.95,4989.95,6/11/2014,Confirmed
64722501,N75316813,30/10/2014,S,MTA,38000,0.125,29.95,4720.05,5/11/2014,Confirmed
64720459,N75308555,30/10/2014,B,MTA,38000,0.13,29.95,4969.95,5/11/2014,Confirmed
64479863,N75017123,9/10/2014,S,AKK,250000,0.014,29.95,3470.05,14/10/2014,Confirmed
64211111,N74185662,16/09/2014,B,AHZ,30749,0.13,0,3997.37,19/09/2014,Confirmed
64210700,N74185662,15/09/2014,B,AHZ,6251,0.135,29.95,873.84,18/09/2014,Confirmed
64182677,N74659293,12/09/2014,B,TON,13000,0.37,29.95,4839.95,17/09/2014,Confirmed
64183208,N74659904,12/09/2014,S,TON,13000,0.351,29.95,4536.01,17/09/2014,Confirmed
64121416,N74582180,8/09/2014,B,AON,100000,0.037,29.95,3729.95,11/09/2014,Confirmed
64123605,N74584402,8/09/2014,S,AON,100000,0.036,29.95,3570.05,11/09/2014,Confirmed
64115164,N74573491,5/09/2014,S,POZ,200000,0.019,29.95,3770.05,10/09/2014,Confirmed
64111318,N74569147,5/09/2014,B,POZ,200000,0.025,29.95,4939.04,10/09/2014,Confirmed
64115707,N74573993,5/09/2014,S,DYL,250000,0.019,29.95,4720.05,10/09/2014,Confirmed
64104039,N74560305,5/09/2014,S,AON,150000,0.039,29.95,5820.05,10/09/2014,Confirmed
64110535,N74564684,5/09/2014,B,DYL,250000,0.02,29.95,5029.95,10/09/2014,Confirmed
64098415,N74552978,4/09/2014,S,RXL,90000,0.051,29.95,4560.05,9/09/2014,Confirmed
64096176,N74549855,4/09/2014,B,RXL,90000,0.053,29.95,4799.95,9/09/2014,Confirmed
64091251,N74540060,4/09/2014,B,AON,150000,0.033,29.95,4979.95,9/09/2014,Confirmed
64071767,N74520108,3/09/2014,S,MTA,29000,0.157,29.95,4530.05,8/09/2014,Confirmed
64060448,N74412169,2/09/2014,B,AKK,82634,0.021,0,1735.31,5/09/2014,Confirmed
64036030,N74412169,29/08/2014,B,AKK,167366,0.019,29.95,3209.9,3/09/2014,Confirmed
64025606,N74454377,29/08/2014,B,MTA,29000,0.17,29.95,4959.95,3/09/2014,Confirmed
64007862,N74399708,28/08/2014,S,JKA,100000,0.044,29.95,4370.05,2/09/2014,Confirmed
63972226,N74395648,26/08/2014,S,MTA,29000,0.165,29.95,4755.05,29/08/2014,Confirmed
63969485,N74392411,26/08/2014,B,JKA,100000,0.049,29.95,4929.95,29/08/2014,Confirmed
63940530,N74332278,22/08/2014,S,JKA,100000,0.047,29.95,4670.05,27/08/2014,Confirmed
63921471,N74276844,21/08/2014,B,JKA,100000,0.047,29.95,4729.95,26/08/2014,Confirmed
63884613,N74280503,19/08/2014,B,MTA,29000,0.17,29.95,4959.95,22/08/2014,Confirmed
63874352,N74272301,18/08/2014,S,CVN,20000,0.235,29.95,4670.05,21/08/2014,Confirmed
63873358,N74271318,18/08/2014,B,CVN,20000,0.25,29.95,5029.95,21/08/2014,Confirmed
63868112,N74265310,18/08/2014,B,MTA,27000,0.18,29.95,4889.95,21/08/2014,Confirmed
63874266,N74272247,18/08/2014,S,MTA,27000,0.17,29.95,4560.05,21/08/2014,Confirmed
63866611,N74263053,18/08/2014,S,SEG,300000,0.017,29.95,5070.05,21/08/2014,Confirmed
63861160,N74213269,18/08/2014,B,JKA,100000,0.05,29.95,5029.95,21/08/2014,Confirmed
63867832,N74265174,18/08/2014,S,JKA,100000,0.048,29.95,4770.05,21/08/2014,Confirmed
63844913,N74235483,15/08/2014,B,SEG,300000,0.017,29.95,5129.95,20/08/2014,Confirmed
63726903,N74089895,5/08/2014,S,RXL,80000,0.05,29.95,3970.05,8/08/2014,Confirmed
63717976,N74078600,5/08/2014,B,RXL,80000,0.05,29.95,4029.95,8/08/2014,Confirmed
63668957,N74018198,31/07/2014,S,FMS,220000,0.02,29.95,4370.05,6/08/2014,Confirmed
63649882,N73994637,30/07/2014,S,RXL,100000,0.048,29.95,4770.05,5/08/2014,Confirmed
63646442,N73990069,30/07/2014,B,RXL,100000,0.05,29.95,5029.95,5/08/2014,Confirmed
63636018,N73976037,29/07/2014,B,FMS,220000,0.022,29.95,4869.95,1/08/2014,Confirmed
63634615,N73957657,29/07/2014,S,MTA,24000,0.205,29.95,4890.05,1/08/2014,Confirmed
63622112,N73959600,28/07/2014,S,ALA,21000,0.235,29.95,4905.05,31/07/2014,Confirmed
63611425,N73947649,28/07/2014,B,MTA,24000,0.205,29.95,4949.95,31/07/2014,Confirmed
63592559,N73926526,25/07/2014,S,UNX,16000,0.28,29.95,4450.05,30/07/2014,Confirmed
63588926,N73921917,25/07/2014,B,UNX,16000,0.31,29.95,4989.95,30/07/2014,Confirmed
63583640,N73915713,24/07/2014,S,KNL,9600,0.51,29.95,4866.05,29/07/2014,Confirmed
63583406,N73915042,24/07/2014,B,KNL,9600,0.52,29.95,5021.95,29/07/2014,Confirmed
63582559,N73914503,24/07/2014,S,KNL,9000,0.525,29.95,4695.05,29/07/2014,Confirmed
63581915,N73913893,24/07/2014,B,KNL,9000,0.55,29.95,4979.95,29/07/2014,Confirmed
63581804,N73913714,24/07/2014,S,MNC,190000,0.025,29.95,4720.05,29/07/2014,Confirmed
63570649,N73900191,24/07/2014,B,MNC,190000,0.026,29.95,4969.95,29/07/2014,Confirmed
63585336,N73879899,24/07/2014,B,ALA,21000,0.23,29.95,4859.95,29/07/2014,Confirmed
63566909,N73894948,23/07/2014,S,PDN,13000,0.37,29.95,4780.05,28/07/2014,Confirmed
63563589,N73882914,23/07/2014,B,PDN,13000,0.385,29.95,5034.95,28/07/2014,Confirmed
63524562,N73843009,21/07/2014,S,TON,6500,0.875,29.95,5657.55,24/07/2014,Confirmed
63519316,N73835224,18/07/2014,B,TON,6500,0.88,29.95,5749.95,23/07/2014,Confirmed
63518967,N73834834,18/07/2014,S,TON,6700,0.87,29.95,5799.05,23/07/2014,Confirmed
63502259,N73814074,17/07/2014,B,TON,6700,0.73,29.95,4920.95,22/07/2014,Confirmed
63486662,N73793528,16/07/2014,S,KNL,14000,0.35,29.95,4870.05,21/07/2014,Confirmed
63472688,N73775693,15/07/2014,B,KNL,14000,0.33,29.95,4649.95,18/07/2014,Confirmed
63470663,N73774308,15/07/2014,S,DML,83000,0.058,29.95,4784.05,18/07/2014,Confirmed
63469329,N73772192,15/07/2014,B,DML,83000,0.06,29.95,5009.95,18/07/2014,Confirmed
63468937,N73772132,15/07/2014,S,TON,8000,0.615,29.95,4890.05,18/07/2014,Confirmed
63467147,N73770160,15/07/2014,B,TON,8000,0.615,29.95,4949.95,18/07/2014,Confirmed
63457412,N73757793,14/07/2014,S,TON,7500,0.61,29.95,4545.05,17/07/2014,Confirmed
63456860,N73757134,14/07/2014,B,TON,7500,0.645,29.95,4867.45,17/07/2014,Confirmed
63454744,N73754289,14/07/2014,S,TON,8000,0.69,29.95,5490.05,17/07/2014,Confirmed
63423953,N73714969,10/07/2014,B,TON,8000,0.57,29.95,4589.95,15/07/2014,Confirmed
63422364,N73687582,10/07/2014,S,ADO,25000,0.185,29.95,4595.05,15/07/2014,Confirmed
63362354,N73628265,4/07/2014,B,ADO,25000,0.195,29.95,4904.95,9/07/2014,Confirmed
63345247,N73554495,3/07/2014,S,WCN,410000,0.012,29.95,4890.05,8/07/2014,Confirmed
63295357,N73554088,30/06/2014,B,WCN,410000,0.012,29.95,4949.95,3/07/2014,Confirmed
63294969,N73553817,30/06/2014,S,WCN,410000,0.015,29.95,6120.05,3/07/2014,Confirmed
63287928,N73544542,27/06/2014,B,WCN,410000,0.012,29.95,4949.95,2/07/2014,Confirmed
62503716,N72560467,8/04/2014,B,ADO,24000,0.205,29.95,4949.95,11/04/2014,Confirmed
62482408,N72560449,4/04/2014,S,ADO,20000,0.24,29.95,4770.05,9/04/2014,Confirmed
62450536,N72520236,2/04/2014,S,ADO,22000,0.22,29.95,4810.05,7/04/2014,Confirmed
62448973,N72516791,1/04/2014,B,ADO,22000,0.22,29.95,4869.95,4/04/2014,Confirmed
62442831,N72508024,1/04/2014,S,ADO,21000,0.235,29.95,4905.05,4/04/2014,Confirmed
62439876,N72501727,1/04/2014,B,ADO,21000,0.235,29.95,4964.95,4/04/2014,Confirmed
62381865,N72426725,26/03/2014,S,ADO,20000,0.255,29.95,5070.05,31/03/2014,Confirmed
62372333,N72422799,25/03/2014,B,ADO,20000,0.25,29.95,5029.95,28/03/2014,Confirmed
60799550,N70496390,30/10/2013,S,SPA,40000,0.258,31.96,10276.97,4/11/2013,Confirmed
60781117,N70473392,29/10/2013,B,SPA,40000,0.242,29.95,9721.45,1/11/2013,Confirmed
60643094,N70308085,18/10/2013,B,MNW,13000,0.38,29.95,4969.95,23/10/2013,Confirmed
60642801,N70307684,18/10/2013,S,SDL,53000,0.092,29.95,4846.05,23/10/2013,Confirmed
60630792,N70292534,17/10/2013,B,SDL,53000,0.093,29.95,4958.95,22/10/2013,Confirmed
60606493,N70263113,16/10/2013,S,ABN,160000,0.028,29.95,4407.19,21/10/2013,Confirmed
60594737,N70244552,15/10/2013,B,ABN,160000,0.031,29.95,4989.95,18/10/2013,Confirmed
60590889,N70235267,15/10/2013,S,MNW,19000,0.355,29.95,6715.05,18/10/2013,Confirmed
60577120,N70227118,14/10/2013,B,MNW,19000,0.26,29.95,4969.95,17/10/2013,Confirmed
60576188,N70226034,14/10/2013,S,MBE,25000,0.185,29.95,4595.05,17/10/2013,Confirmed
60575347,N70225090,14/10/2013,B,MBE,25000,0.195,29.95,4904.95,17/10/2013,Confirmed
60560982,N70206883,11/10/2013,S,NEA,13000,0.46,29.95,5950.05,16/10/2013,Confirmed
60385916,N69991296,24/09/2013,B,NEA,13000,0.365,29.95,4774.95,27/09/2013,Confirmed
60286792,N69866645,13/09/2013,S,MMC,200000,0.024,29.95,4770.05,18/09/2013,Confirmed
60230988,N69798825,10/09/2013,B,MMC,200000,0.026,29.95,5229.95,13/09/2013,Confirmed
60224819,N69792140,10/09/2013,S,MMC,380000,0.026,29.95,9850.05,13/09/2013,Confirmed
60078213,N69607484,27/08/2013,S,ICG,180000,0.055,29.95,9870.05,30/08/2013,Confirmed
60066464,N69588293,27/08/2013,S,RXL,180000,0.052,29.95,9330.05,30/08/2013,Confirmed
60061986,N69587862,26/08/2013,B,ICG,180000,0.055,29.95,9929.95,29/08/2013,Confirmed
60056994,N69581218,26/08/2013,B,RXL,180000,0.055,29.95,9929.95,29/08/2013,Confirmed
59936706,N69429784,15/08/2013,S,WPL,255,38.46,29.95,9777.35,20/08/2013,Confirmed
59912880,N69401168,14/08/2013,S,BGS,450000,0.02,29.95,8970.05,19/08/2013,Confirmed
59913913,N69400437,14/08/2013,B,MMC,380000,0.026,29.95,9909.95,19/08/2013,Confirmed
59895946,N69379597,13/08/2013,B,BGS,450000,0.021,29.95,9479.95,16/08/2013,Confirmed
59889009,N69369679,12/08/2013,S,QHL,35000,0.278,29.95,9701.29,15/08/2013,Confirmed
59886024,N69365873,12/08/2013,B,QHL,35000,0.28,29.95,9829.95,15/08/2013,Confirmed
59845065,N69314827,7/08/2013,S,MBN,120000,0.08,29.95,9570.05,12/08/2013,Confirmed
59844442,N69313866,7/08/2013,B,MBN,120000,0.081,29.95,9749.95,12/08/2013,Confirmed
59842786,N69312070,7/08/2013,S,MBN,120000,0.08,29.95,9570.05,12/08/2013,Confirmed
59842632,N69311755,7/08/2013,B,MBN,120000,0.08,29.95,9629.95,12/08/2013,Confirmed
59821857,N69287099,6/08/2013,B,WPL,255,39.14,29.95,10010.65,9/08/2013,Confirmed
59770653,N69207318,31/07/2013,S,MBN,120000,0.076,29.95,9090.05,6/08/2013,Confirmed
59754072,N69202835,30/07/2013,B,MBN,120000,0.082,29.95,9869.95,2/08/2013,Confirmed
59745559,N69190270,29/07/2013,S,MBN,115000,0.081,29.95,9285.05,1/08/2013,Confirmed
59728723,N69171961,26/07/2013,B,MBN,115000,0.084,29.95,9689.95,31/07/2013,Confirmed
59635568,N69058767,18/07/2013,B,CDB,620000,0.016,29.95,9949.95,23/07/2013,Confirmed
59617420,N69033299,17/07/2013,S,CDB,620000,0.014,29.95,8650.05,22/07/2013,Confirmed
59552692,N68931557,10/07/2013,B,CDB,620000,0.016,29.95,9949.95,15/07/2013,Confirmed
59258712,N68596149,13/06/2013,S,AHZ,200000,0.049,29.95,9770.05,18/06/2013,Confirmed
59245196,N68579608,12/06/2013,B,AHZ,200000,0.049,29.95,9829.95,17/06/2013,Confirmed
59186770,N68515282,5/06/2013,S,CTR,550000,0.017,29.95,9320.05,11/06/2013,Confirmed
59181486,N68512646,5/06/2013,B,CTR,550000,0.018,29.95,9929.95,11/06/2013,Confirmed
59104148,N68417977,29/05/2013,S,DYE,22000,0.44,29.95,9650.05,3/06/2013,Confirmed
59104075,N68417411,29/05/2013,B,DYE,21138,0.445,0,9406.41,3/06/2013,Confirmed
59102808,N68417411,29/05/2013,B,DYE,862,0.445,29.95,413.54,3/06/2013,Confirmed
59097383,N68412525,29/05/2013,S,DYE,22000,0.435,29.95,9540.05,3/06/2013,Confirmed
59096815,N68411852,29/05/2013,B,DYE,22000,0.44,29.95,9709.95,3/06/2013,Confirmed
59095602,N68407870,29/05/2013,S,BGS,330000,0.026,29.95,8550.05,3/06/2013,Confirmed
59092396,N68407559,29/05/2013,B,BGS,330000,0.03,29.95,9929.95,3/06/2013,Confirmed
58974140,N68269779,20/05/2013,S,ISN,27000,0.355,29.95,9555.05,23/05/2013,Confirmed
58973139,N68268579,20/05/2013,B,ISN,27000,0.36,29.95,9749.95,23/05/2013,Confirmed
58968618,N68263141,20/05/2013,S,AVB,140000,0.069,29.95,9630.05,23/05/2013,Confirmed
58967608,N68261409,20/05/2013,S,DYE,24000,0.405,29.95,9688.12,23/05/2013,Confirmed
58966590,N68260875,20/05/2013,B,DYE,24000,0.405,29.95,9749.95,23/05/2013,Confirmed
58965499,N68259532,20/05/2013,S,AHZ,210000,0.045,29.95,9420.05,23/05/2013,Confirmed
58964245,N68258072,20/05/2013,B,AVB,140000,0.071,29.95,9969.95,23/05/2013,Confirmed
58962571,N68255145,20/05/2013,B,AHZ,210000,0.046,29.95,9689.95,23/05/2013,Confirmed
58952424,N68243216,17/05/2013,S,AHZ,56771,0.042,29.95,2354.43,22/05/2013,Confirmed
58952344,N68236967,17/05/2013,B,AHZ,56771,0.039,29.95,2244.02,22/05/2013,Confirmed
58940372,N68229020,16/05/2013,S,AHZ,230000,0.04,29.95,9170.05,21/05/2013,Confirmed
58937832,N68226472,16/05/2013,B,AHZ,230000,0.042,29.95,9689.95,21/05/2013,Confirmed
58936647,N68224981,16/05/2013,S,DYE,33000,0.29,29.95,9540.05,21/05/2013,Confirmed
58935781,N68223698,16/05/2013,B,DYE,33000,0.3,29.95,9929.95,21/05/2013,Confirmed
58932213,N68219645,16/05/2013,S,OGX,30000,0.31,29.95,9270.05,21/05/2013,Confirmed
58931319,N68217724,16/05/2013,B,OGX,30000,0.33,29.95,9929.95,21/05/2013,Confirmed
58930863,N68217525,16/05/2013,S,ADN,95000,0.1,29.95,9470.05,21/05/2013,Confirmed
58929748,N68216085,16/05/2013,B,ADN,95000,0.105,29.95,10004.95,21/05/2013,Confirmed
58924364,N68206845,15/05/2013,S,ISN,37000,0.25,29.95,9220.05,20/05/2013,Confirmed
58920280,N68204025,15/05/2013,B,ISN,37000,0.265,29.95,9834.95,20/05/2013,Confirmed
58916294,N68201536,15/05/2013,S,OGX,30000,0.315,29.95,9420.05,20/05/2013,Confirmed
58915164,N68200282,15/05/2013,B,OGX,30000,0.33,29.95,9929.95,20/05/2013,Confirmed
58913390,N68198621,15/05/2013,S,MAH,43000,0.225,29.95,9645.05,20/05/2013,Confirmed
58911928,N68197007,15/05/2013,B,MAH,43000,0.23,29.95,9919.95,20/05/2013,Confirmed
58910837,N68195842,15/05/2013,S,MAH,40000,0.235,29.95,9370.05,20/05/2013,Confirmed
58909825,N68194457,15/05/2013,B,MAH,40000,0.245,29.95,9829.95,20/05/2013,Confirmed
58903257,N68186959,14/05/2013,S,ISN,44000,0.24,32.74,10527.26,17/05/2013,Confirmed
58902111,N68185675,14/05/2013,B,ISN,44000,0.225,29.95,9929.95,17/05/2013,Confirmed
58901935,N68185208,14/05/2013,S,MAH,47000,0.215,31.33,10073.67,17/05/2013,Confirmed
58900779,N68184131,14/05/2013,B,MAH,47000,0.21,29.95,9899.95,17/05/2013,Confirmed
58898898,N68181627,14/05/2013,S,MAH,45000,0.21,29.95,9420.05,17/05/2013,Confirmed
58898608,N68181253,14/05/2013,B,MAH,45000,0.22,29.95,9929.95,17/05/2013,Confirmed
58893647,N68175472,14/05/2013,S,DYE,17900,0.38,29.95,6772.05,17/05/2013,Confirmed
58893442,N68174903,14/05/2013,B,DYE,17900,0.345,29.95,6205.45,17/05/2013,Confirmed
58892550,N68174576,14/05/2013,S,DYE,28000,0.353,29.95,9856.58,17/05/2013,Confirmed
58892184,N68174389,14/05/2013,B,DYE,28000,0.35,29.95,9829.95,17/05/2013,Confirmed
58893553,N68173866,14/05/2013,S,BGS,290000,0.033,29.95,9540.05,17/05/2013,Confirmed
58891094,N68173800,14/05/2013,B,BGS,290000,0.033,29.95,9599.95,17/05/2013,Confirmed
58889499,N68170252,13/05/2013,S,DYE,33000,0.3,29.95,9870.05,16/05/2013,Confirmed
58888879,N68169758,13/05/2013,B,DYE,33000,0.295,29.95,9764.95,16/05/2013,Confirmed
58887325,N68167975,13/05/2013,S,DYE,35000,0.29,31.46,10118.54,16/05/2013,Confirmed
58886320,N68165372,13/05/2013,B,DYE,35000,0.285,29.95,10004.95,16/05/2013,Confirmed
58882476,N68162658,13/05/2013,S,DYE,38000,0.255,29.95,9660.05,16/05/2013,Confirmed
58880784,N68160470,13/05/2013,B,DYE,38000,0.26,29.95,9909.95,16/05/2013,Confirmed
58880275,N68156582,13/05/2013,S,NEA,32000,0.315,31.25,10048.75,16/05/2013,Confirmed
58877124,N68155800,13/05/2013,B,NEA,32000,0.31,29.95,9949.95,16/05/2013,Confirmed
58878200,N68154353,13/05/2013,S,BGS,310000,0.033,31.71,10198.29,16/05/2013,Confirmed
58874868,N68152724,13/05/2013,B,BGS,310000,0.032,29.95,9949.95,16/05/2013,Confirmed
58871989,N68130794,10/05/2013,S,BGS,300000,0.033,29.95,9870.05,15/05/2013,Confirmed
58855536,N68130166,10/05/2013,B,BGS,300000,0.033,29.95,9929.95,15/05/2013,Confirmed
58847323,N68119898,9/05/2013,S,CZN,240000,0.041,29.95,9790.05,14/05/2013,Confirmed
58840149,N68109140,9/05/2013,B,CZN,240000,0.041,29.95,9869.95,14/05/2013,Confirmed
58821839,N68089581,8/05/2013,S,CDY,280000,0.034,29.95,9490.05,13/05/2013,Confirmed
58819962,N68087374,8/05/2013,B,CDY,280000,0.035,29.95,9829.95,13/05/2013,Confirmed
58819687,N68087097,8/05/2013,S,ADN,62000,0.16,29.95,9890.05,13/05/2013,Confirmed
58817747,N68085558,8/05/2013,B,ADN,62000,0.16,29.95,9949.95,13/05/2013,Confirmed
58816435,N68081744,7/05/2013,S,CZN,240000,0.043,31.76,10213.24,10/05/2013,Confirmed
58802225,N68066428,7/05/2013,S,BGS,270000,0.034,29.95,9150.05,10/05/2013,Confirmed
58800928,N68065858,7/05/2013,B,BGS,270000,0.036,29.95,9749.95,10/05/2013,Confirmed
58803013,N68065704,7/05/2013,B,CZN,240000,0.041,29.95,9869.95,10/05/2013,Confirmed
58799059,N68062403,6/05/2013,S,BGS,270000,0.036,29.95,9690.05,9/05/2013,Confirmed
58789958,N68052133,6/05/2013,B,BGS,270000,0.036,29.95,9749.95,9/05/2013,Confirmed
58787458,N68049277,6/05/2013,S,CNO,70000,0.13,29.95,9070.05,9/05/2013,Confirmed
58783657,N68045337,6/05/2013,B,CNO,70000,0.14,29.95,9829.95,9/05/2013,Confirmed
58775151,N68033786,3/05/2013,S,GDY,54000,0.18,29.95,9690.05,8/05/2013,Confirmed
58774611,N68032971,3/05/2013,S,CNO,64000,0.14,29.95,8919.97,8/05/2013,Confirmed
58773639,N68032041,3/05/2013,B,GDY,54000,0.185,29.95,10019.95,8/05/2013,Confirmed
58772672,N68030649,3/05/2013,B,CNO,64000,0.155,29.95,9949.95,8/05/2013,Confirmed
58769242,N68026923,3/05/2013,S,ADN,62000,0.155,29.95,9580.05,8/05/2013,Confirmed
58767288,N68024587,3/05/2013,B,ADN,62000,0.16,29.95,9949.95,8/05/2013,Confirmed
58762849,N68018873,2/05/2013,S,CZN,200000,0.046,29.95,9170.05,7/05/2013,Confirmed
58759055,N68014733,2/05/2013,B,CZN,200000,0.048,29.95,9629.95,7/05/2013,Confirmed
58759067,N68014639,2/05/2013,S,BGS,220000,0.037,29.95,8110.05,7/05/2013,Confirmed
58762685,N68014606,2/05/2013,S,AIW,340000,0.027,29.95,9150.05,7/05/2013,Confirmed
58758969,N68009840,2/05/2013,B,BGS,220000,0.036,29.95,7949.95,7/05/2013,Confirmed
58753619,N68003419,2/05/2013,B,AIW,340000,0.029,29.95,9889.95,7/05/2013,Confirmed
58747740,N68000418,1/05/2013,S,AIW,350000,0.027,29.95,9420.05,6/05/2013,Confirmed
58747889,N67999496,1/05/2013,S,NEA,34000,0.27,29.95,9150.05,6/05/2013,Confirmed
58745810,N67998068,1/05/2013,S,CNO,83000,0.11,29.95,9100.05,6/05/2013,Confirmed
58745418,N67996265,1/05/2013,B,AIW,350000,0.028,29.95,9829.95,6/05/2013,Confirmed
58743103,N67991815,1/05/2013,B,CNO,83000,0.12,29.95,9989.95,6/05/2013,Confirmed
58738304,N67989972,1/05/2013,B,NEA,34000,0.29,29.95,9889.95,6/05/2013,Confirmed
58721242,N67970409,30/04/2013,S,ADN,83000,0.145,37.3,11997.7,3/05/2013,Confirmed
58720535,N67969636,30/04/2013,B,ADN,83000,0.12,29.95,9989.95,3/05/2013,Confirmed
58704905,N67948126,29/04/2013,S,BGS,300000,0.032,29.95,9570.05,2/05/2013,Confirmed
58702187,N67948098,29/04/2013,B,BGS,300000,0.033,29.95,9929.95,2/05/2013,Confirmed
58695388,N67938967,26/04/2013,S,BGS,350000,0.028,29.95,9770.05,1/05/2013,Confirmed
58695280,N67936836,26/04/2013,B,BGS,350000,0.028,29.95,9829.95,1/05/2013,Confirmed
58680288,N67919128,24/04/2013,S,CDY,330000,0.029,29.95,9623.38,30/04/2013,Confirmed
58675211,N67905342,24/04/2013,B,CDY,330000,0.03,29.95,9929.95,30/04/2013,Confirmed
58653237,N67889279,23/04/2013,S,PAB,300000,0.031,29.95,9270.05,29/04/2013,Confirmed
58652459,N67888482,23/04/2013,B,PAB,300000,0.033,29.95,9929.95,29/04/2013,Confirmed
58643556,N67878326,22/04/2013,S,PAB,290000,0.032,29.95,9250.05,26/04/2013,Confirmed
58641087,N67875661,22/04/2013,B,PAB,290000,0.034,29.95,9889.95,26/04/2013,Confirmed
58585319,N67808929,17/04/2013,S,BGS,550000,0.017,29.95,9320.05,22/04/2013,Confirmed
58581842,N67805968,17/04/2013,B,BGS,550000,0.018,29.95,9929.95,22/04/2013,Confirmed
58549392,N67766413,15/04/2013,S,CDY,310000,0.031,29.95,9580.05,18/04/2013,Confirmed
58548967,N67765901,15/04/2013,S,AZS,180000,0.049,29.95,8790.05,18/04/2013,Confirmed
58548097,N67765323,15/04/2013,S,RXL,160000,0.06,29.95,9570.05,18/04/2013,Confirmed
58546383,N67761475,15/04/2013,B,RXL,160000,0.062,29.95,9949.95,18/04/2013,Confirmed
58544141,N67761156,15/04/2013,B,AZS,180000,0.053,29.95,9569.95,18/04/2013,Confirmed
58549287,N67718175,15/04/2013,B,CDY,310000,0.032,29.95,9949.95,18/04/2013,Confirmed
58535628,N67750721,12/04/2013,S,RXL,140000,0.067,29.95,9350.05,17/04/2013,Confirmed
58534943,N67750084,12/04/2013,B,RXL,140000,0.068,29.95,9549.95,17/04/2013,Confirmed
58529450,N67739202,12/04/2013,B,RXL,160000,0.062,29.95,9943.86,17/04/2013,Confirmed
58531207,N67745827,12/04/2013,S,RXL,160000,0.064,31.75,10208.25,17/04/2013,Confirmed
58515044,N67726343,11/04/2013,S,CNO,10000,0.17,29.95,1670.05,16/04/2013,Confirmed
58513328,N67724307,11/04/2013,B,CNO,60000,0.165,29.95,9929.95,16/04/2013,Confirmed
58515074,N67726443,11/04/2013,S,CNO,50000,0.165,29.95,8220.05,16/04/2013,Confirmed
58513454,N67722733,11/04/2013,S,CNO,50000,0.175,29.95,8720.05,16/04/2013,Confirmed
58508141,N67718737,11/04/2013,B,CNO,50000,0.2,31,10031,16/04/2013,Confirmed
58505753,N67714257,10/04/2013,S,CNO,52000,0.195,31.43,10108.57,15/04/2013,Confirmed
58505520,N67713973,10/04/2013,B,CNO,52000,0.19,29.95,9909.95,15/04/2013,Confirmed
58505126,N67711674,10/04/2013,S,CDY,280000,0.033,29.95,9210.05,15/04/2013,Confirmed
58497768,N67664739,10/04/2013,B,CDY,280000,0.035,29.95,9829.95,15/04/2013,Confirmed
58472780,N67674503,8/04/2013,S,COK,125000,0.075,29.95,9345.05,11/04/2013,Confirmed
58471681,N67672700,8/04/2013,B,COK,125000,0.078,29.95,9779.95,11/04/2013,Confirmed
58466415,N67667063,8/04/2013,B,NRU,410000,0.024,29.95,9869.95,11/04/2013,Confirmed
58467378,N67668292,8/04/2013,S,NRU,410000,0.023,29.95,9400.05,11/04/2013,Confirmed
58440984,N67636431,4/04/2013,S,BGS,500000,0.018,29.95,8970.05,9/04/2013,Confirmed
58436930,N67631685,4/04/2013,B,BGS,500000,0.02,31,10031,9/04/2013,Confirmed
58430039,N67622129,4/04/2013,S,CDY,310000,0.031,29.95,9580.05,9/04/2013,Confirmed
58429693,N67619002,4/04/2013,S,TON,100000,0.082,29.95,8170.05,9/04/2013,Confirmed
58425098,N67618397,3/04/2013,S,AQO,37000,0.255,29.95,9405.05,8/04/2013,Confirmed
58424757,N67610231,3/04/2013,B,CDY,310000,0.032,29.95,9949.95,8/04/2013,Confirmed
58411836,N67602865,3/04/2013,B,TON,100000,0.091,29.95,9129.95,8/04/2013,Confirmed
58408614,N67601600,3/04/2013,B,AQO,37000,0.27,29.95,10019.95,8/04/2013,Confirmed
58406869,N67597505,2/04/2013,S,CZN,220000,0.041,29.95,8990.05,5/04/2013,Confirmed
58396956,N67582609,2/04/2013,B,CZN,220000,0.045,29.95,9929.95,5/04/2013,Confirmed
58382189,N67569096,28/03/2013,S,CZN,240000,0.039,29.95,9330.05,4/04/2013,Confirmed
58382799,N67568952,28/03/2013,S,BGS,410000,0.024,29.95,9810.05,4/04/2013,Confirmed
58381628,N67568434,28/03/2013,B,BGS,410000,0.024,29.95,9869.95,4/04/2013,Confirmed
58377929,N67564397,28/03/2013,B,CZN,240000,0.04,29.95,9629.95,4/04/2013,Confirmed
58369301,N67553818,27/03/2013,S,GCR,1100000,0.009,29.95,9870.05,3/04/2013,Confirmed
58366969,N67552127,27/03/2013,B,CBS,240000,0.041,29.95,9869.95,3/04/2013,Confirmed
58366331,N67551258,27/03/2013,S,TON,110000,0.085,29.95,9320.05,3/04/2013,Confirmed
58366090,N67550959,27/03/2013,B,TON,110000,0.088,29.95,9709.95,3/04/2013,Confirmed
58368426,N67550920,27/03/2013,B,GCR,1100000,0.009,29.95,9929.95,3/04/2013,Confirmed
58362753,N67546254,27/03/2013,S,TON,120000,0.094,34.97,11245.03,3/04/2013,Confirmed
58358946,N67540608,26/03/2013,S,CDY,240000,0.038,29.95,9090.05,2/04/2013,Confirmed
58355616,N67538598,26/03/2013,S,BGS,370000,0.031,35.55,11434.45,2/04/2013,Confirmed
58356076,N67537893,26/03/2013,B,WCN,240000,0.041,29.95,9869.95,2/04/2013,Confirmed
58351062,N67533158,26/03/2013,S,RXL,130000,0.074,29.95,9590.05,2/04/2013,Confirmed
58349020,N67530698,26/03/2013,B,RXL,130000,0.076,29.95,9909.95,2/04/2013,Confirmed
58357310,N67512221,26/03/2013,B,TON,120000,0.082,29.95,9869.95,2/04/2013,Confirmed
58339249,N67519345,25/03/2013,B,CBS,160000,0.059,29.95,9469.95,28/03/2013,Confirmed
58341594,N67522052,25/03/2013,S,CBS,160000,0.056,29.95,8914.64,28/03/2013,Confirmed
58336736,N67516376,25/03/2013,S,CBS,180000,0.054,29.95,9693.05,28/03/2013,Confirmed
58335768,N67511993,25/03/2013,B,CBS,180000,0.044,29.95,7949.95,28/03/2013,Confirmed
58332783,N67506650,25/03/2013,B,BGS,370000,0.027,29.95,10019.95,28/03/2013,Confirmed
58333962,N67503281,25/03/2013,B,CDY,240000,0.04,29.95,9629.95,28/03/2013,Confirmed
58331800,N67486484,25/03/2013,S,CGP,171000,0.008,0,1368,28/03/2013,Confirmed
58327897,N67504570,22/03/2013,S,TON,150000,0.088,41.01,13188.99,27/03/2013,Confirmed
58329503,N67505753,22/03/2013,S,AZY,57000,0.163,29.95,9243.09,27/03/2013,Confirmed
58326719,N67503234,22/03/2013,S,CBS,230000,0.042,29.95,9523.07,27/03/2013,Confirmed
58323158,N67490300,22/03/2013,B,AZY,57000,0.175,29.95,10004.95,27/03/2013,Confirmed
58331037,N67486484,22/03/2013,S,CGP,364000,0.008,0,2912,27/03/2013,Confirmed
58325344,N67501229,22/03/2013,B,CBS,230000,0.042,29.95,9689.95,27/03/2013,Confirmed
58313272,N67486501,21/03/2013,S,AZY,49000,0.18,29.95,8790.05,26/03/2013,Confirmed
58315658,N67486484,21/03/2013,S,CGP,565000,0.008,29.95,4490.05,26/03/2013,Confirmed
58311008,N67484173,21/03/2013,S,BGS,330000,0.03,29.95,9870.05,26/03/2013,Confirmed
58310065,N67483113,21/03/2013,B,BGS,330000,0.03,29.95,9929.95,26/03/2013,Confirmed
58305253,N67477554,21/03/2013,S,BGS,430000,0.028,37.32,12002.68,26/03/2013,Confirmed
58301258,N67472797,21/03/2013,B,TON,150000,0.066,29.95,9929.95,26/03/2013,Confirmed
58299588,N67471110,21/03/2013,B,AZY,49000,0.2,29.95,9829.95,26/03/2013,Confirmed
58300231,N67470589,21/03/2013,B,BGS,430000,0.023,29.95,9919.95,26/03/2013,Confirmed
58296491,N67460932,20/03/2013,S,BGS,550000,0.025,42.63,13707.37,25/03/2013,Confirmed
58294279,N67458944,20/03/2013,B,CGP,1100000,0.009,29.95,9929.95,25/03/2013,Confirmed
58284225,N67449269,20/03/2013,B,BGS,550000,0.018,29.95,9929.95,25/03/2013,Confirmed
58297543,N67442162,20/03/2013,S,LOM,1100000,0.008,29.95,8770.05,25/03/2013,Confirmed
58273143,N67439919,19/03/2013,S,FAR,240000,0.042,31.25,10048.75,22/03/2013,Confirmed
58269453,N67436087,19/03/2013,S,BGS,700000,0.014,29.95,9770.05,22/03/2013,Confirmed
58270937,N67435390,19/03/2013,B,LOM,1100000,0.009,29.95,9929.95,22/03/2013,Confirmed
58265850,N67431168,19/03/2013,B,FAR,240000,0.041,29.95,9869.95,22/03/2013,Confirmed
58265661,N67430259,19/03/2013,B,BGS,700000,0.014,29.95,9829.95,22/03/2013,Confirmed
58263198,N67426322,18/03/2013,S,CGP,1200000,0.007,29.95,8370.05,21/03/2013,Confirmed
58261999,N67426258,18/03/2013,S,QMN,250000,0.039,29.95,9667.74,21/03/2013,Confirmed
58263088,N67426167,18/03/2013,S,BGS,620000,0.014,29.95,8650.05,21/03/2013,Confirmed
58257841,N67422389,18/03/2013,S,KDR,13500,0.705,29.95,9487.55,21/03/2013,Confirmed
58257435,N67421884,18/03/2013,B,KDR,13500,0.725,29.95,9817.45,21/03/2013,Confirmed
58257257,N67421709,18/03/2013,S,KDR,13500,0.72,29.95,9690.05,21/03/2013,Confirmed
58256935,N67421259,18/03/2013,B,KDR,13500,0.73,29.95,9884.95,21/03/2013,Confirmed
58253388,N67416712,18/03/2013,S,KDR,14000,0.72,31.25,10048.75,21/03/2013,Confirmed
58252400,N67415651,18/03/2013,B,KDR,14000,0.7,29.95,9829.95,21/03/2013,Confirmed
58250858,N67413887,18/03/2013,S,KDR,15000,0.68,31.61,10168.39,21/03/2013,Confirmed
58247170,N67410177,18/03/2013,B,KDR,15000,0.64,29.95,9629.95,21/03/2013,Confirmed
58250441,N67394341,18/03/2013,B,QMN,42519,0.041,0,1743.28,21/03/2013,Confirmed
58241486,N67401692,15/03/2013,S,KDR,16000,0.61,29.95,9730.05,20/03/2013,Confirmed
58245785,N67394341,15/03/2013,B,QMN,207481,0.039,29.95,8159.71,20/03/2013,Confirmed
58231931,N67390927,15/03/2013,S,PEX,15000,0.655,29.95,9795.05,20/03/2013,Confirmed
58231477,N67390348,15/03/2013,B,KDR,16000,0.62,29.95,9949.95,20/03/2013,Confirmed
58232493,N67387738,15/03/2013,B,BGS,620000,0.016,29.95,9949.95,20/03/2013,Confirmed
58230525,N67388474,15/03/2013,B,CGP,1200000,0.008,29.95,9629.95,20/03/2013,Confirmed
58224823,N67380003,14/03/2013,S,AZY,47000,0.21,29.95,9840.05,19/03/2013,Confirmed
58225134,N67379994,14/03/2013,S,RXL,105000,0.077,29.95,8055.05,19/03/2013,Confirmed
58221433,N67378065,14/03/2013,B,PEX,15000,0.65,29.95,9779.95,19/03/2013,Confirmed
58219848,N67376116,14/03/2013,S,CGP,1200000,0.008,29.95,9570.05,19/03/2013,Confirmed
58219381,N67374177,14/03/2013,B,CGP,1200000,0.008,29.95,9629.95,19/03/2013,Confirmed
58217490,N67373949,14/03/2013,S,CGP,1100000,0.011,36.42,11713.58,19/03/2013,Confirmed
58216076,N67372763,14/03/2013,B,CGP,1100000,0.009,29.95,9929.95,19/03/2013,Confirmed
58212602,N67365218,14/03/2013,B,AZY,47000,0.21,29.95,9899.95,19/03/2013,Confirmed
58206700,N67361460,13/03/2013,S,NVG,330000,0.03,29.95,9870.05,18/03/2013,Confirmed
58204527,N67359308,13/03/2013,S,AZY,48000,0.21,31.25,10048.75,18/03/2013,Confirmed
58204471,N67359287,13/03/2013,S,PEX,14000,0.7,29.95,9770.05,18/03/2013,Confirmed
58201853,N67355441,13/03/2013,B,NVG,330000,0.03,29.95,9929.95,18/03/2013,Confirmed
58202740,N67355007,13/03/2013,B,PEX,14000,0.695,29.95,9759.95,18/03/2013,Confirmed
58192825,N67345997,13/03/2013,B,RXL,105000,0.095,29.95,10004.95,18/03/2013,Confirmed
58193889,N67344766,13/03/2013,B,AZY,48000,0.205,29.95,9869.95,18/03/2013,Confirmed
58190732,N67344134,13/03/2013,S,KDRO,40000,0.295,36.58,11763.42,18/03/2013,Confirmed
58186708,N67338299,12/03/2013,B,KDRO,40000,0.245,29.95,9829.95,15/03/2013,Confirmed
58183251,N67334741,12/03/2013,S,KDRO,47000,0.19,29.95,8900.05,15/03/2013,Confirmed
58184125,N67334667,12/03/2013,S,AKK,430000,0.023,29.95,9860.05,15/03/2013,Confirmed
58182222,N67333558,12/03/2013,B,KDRO,47000,0.205,29.95,9664.95,15/03/2013,Confirmed
58175662,N67325771,12/03/2013,B,AKK,430000,0.023,29.95,9919.95,15/03/2013,Confirmed
58174864,N67324924,12/03/2013,S,PEX,16000,0.655,32.48,10447.52,15/03/2013,Confirmed
58166732,N67313426,11/03/2013,B,PEX,16000,0.605,29.95,9709.95,14/03/2013,Confirmed
58168388,N67305657,11/03/2013,S,KEY,550000,0.018,29.95,9870.05,14/03/2013,Confirmed
58158481,N67305592,11/03/2013,B,KEY,550000,0.018,29.95,9929.95,14/03/2013,Confirmed
58151424,N67295266,8/03/2013,S,CDY,210000,0.05,32.55,10467.45,14/03/2013,Confirmed
58148852,N67292953,8/03/2013,S,AKK,400000,0.023,29.95,9170.05,14/03/2013,Confirmed
58146002,N67289141,8/03/2013,B,CDY,210000,0.047,29.95,9899.95,14/03/2013,Confirmed
58137339,N67271703,8/03/2013,S,VOR,520000,0.019,29.95,9850.05,14/03/2013,Confirmed
58123379,N67261714,7/03/2013,B,AKK,400000,0.025,31,10031,13/03/2013,Confirmed
58119024,N67257647,7/03/2013,B,AKK,350000,0.028,29.95,9829.95,13/03/2013,Confirmed
58121292,N67256921,7/03/2013,B,VOR,520000,0.019,29.95,9909.95,13/03/2013,Confirmed
58116248,N67252392,6/03/2013,S,AZY,48000,0.2,29.95,9570.05,12/03/2013,Confirmed
58114484,N67250702,6/03/2013,S,CDY,280000,0.036,31.25,10048.75,12/03/2013,Confirmed
58116434,N67246983,6/03/2013,S,VOR,470000,0.019,29.95,8900.05,12/03/2013,Confirmed
58107092,N67238783,6/03/2013,B,AZY,48000,0.205,29.95,9869.95,12/03/2013,Confirmed
58108543,N67225345,6/03/2013,B,CDY,280000,0.035,29.95,9829.95,12/03/2013,Confirmed
58109053,N67221636,6/03/2013,B,VOR,470000,0.021,29.95,9899.95,12/03/2013,Confirmed
58093490,N67224047,5/03/2013,S,CDY,300000,0.038,35.34,11364.66,8/03/2013,Confirmed
58074417,N67206799,4/03/2013,S,AZY,55000,0.175,29.95,9595.05,7/03/2013,Confirmed
58064466,N67196206,4/03/2013,B,CDY,300000,0.033,29.95,9929.95,7/03/2013,Confirmed
58063917,N67195569,4/03/2013,S,RXL,120000,0.082,29.95,9810.05,7/03/2013,Confirmed
58062368,N67193641,4/03/2013,B,RXL,120000,0.083,29.95,9989.95,7/03/2013,Confirmed
58065435,N67193413,4/03/2013,B,AZY,55000,0.18,29.95,9929.95,7/03/2013,Confirmed
58061636,N67192795,4/03/2013,S,RXL,110000,0.085,29.95,9320.05,7/03/2013,Confirmed
58060644,N67190385,4/03/2013,B,RXL,110000,0.09,29.95,9929.95,7/03/2013,Confirmed
58055042,N67183593,1/03/2013,S,AZY,55000,0.185,31.54,10143.46,6/03/2013,Confirmed
58048295,N67166523,1/03/2013,B,AZY,55000,0.18,29.95,9929.95,6/03/2013,Confirmed
58036839,N67160446,28/02/2013,S,CDY,330000,0.032,32.64,10497.36,5/03/2013,Confirmed
58036873,N67158568,28/02/2013,S,AZS,88561,0.078,1.47,6906.29,5/03/2013,Confirmed
58035448,N67158568,28/02/2013,S,AZS,41439,0.078,29.95,3202.29,5/03/2013,Confirmed
58027384,N67151346,28/02/2013,B,CDY,330000,0.03,29.95,9929.95,5/03/2013,Confirmed
58026243,N67148467,28/02/2013,B,AZS,130000,0.075,29.95,9779.95,5/03/2013,Confirmed
58011939,N67132816,27/02/2013,S,AZY,58000,0.165,29.95,9540.05,4/03/2013,Confirmed
58001424,N67120780,27/02/2013,B,AZY,58000,0.17,29.95,9889.95,4/03/2013,Confirmed
57997234,N67114422,26/02/2013,S,AZY,58000,0.165,29.95,9540.05,1/03/2013,Confirmed
57991016,N67107009,26/02/2013,B,AZY,58000,0.17,29.95,9889.95,1/03/2013,Confirmed
57987422,N67102404,26/02/2013,S,VOR,330000,0.03,29.95,9870.05,1/03/2013,Confirmed
57986012,N67100760,26/02/2013,B,VOR,330000,0.03,29.95,9929.95,1/03/2013,Confirmed
57979387,N67092805,25/02/2013,S,VOR,470000,0.027,39.95,12850.05,28/02/2013,Confirmed
57970583,N67082592,25/02/2013,B,VOR,470000,0.021,29.95,9899.95,28/02/2013,Confirmed
57968022,N67079555,25/02/2013,S,AZS,120000,0.078,29.95,9330.05,28/02/2013,Confirmed
57967184,N67078713,25/02/2013,B,AZS,120000,0.081,29.95,9749.95,28/02/2013,Confirmed
57939472,N66967114,21/02/2013,S,RXL,110000,0.095,32.4,10417.6,26/02/2013,Confirmed
57864748,N66961579,18/02/2013,B,RXL,110000,0.09,29.95,9929.95,21/02/2013,Confirmed
57828296,N66917108,14/02/2013,S,NRU,300000,0.032,29.95,9570.05,19/02/2013,Confirmed
57816664,N66905089,14/02/2013,B,NRU,300000,0.033,29.95,9929.95,19/02/2013,Confirmed
57578871,N66623231,25/01/2013,S,AKKOA,500000,0.001,29.95,470.05,31/01/2013,Confirmed
57520259,N66555456,22/01/2013,B,AKKOA,500000,0.002,29.95,1029.95,25/01/2013,Confirmed
57513581,N66547651,21/01/2013,S,AZS,75000,0.065,29.95,4845.05,24/01/2013,Confirmed
57509605,N66542771,21/01/2013,B,AZS,75000,0.064,29.95,4829.95,24/01/2013,Confirmed
57407715,N66419932,10/01/2013,B,NRU,400000,0.04,49.6,16049.6,15/01/2013,Confirmed
57407410,N66416924,10/01/2013,S,RXL,190000,0.097,57.13,18372.87,15/01/2013,Confirmed
54772044,N63272497,23/04/2012,B,JKA,20000,0.225,29.95,4529.95,27/04/2012,Confirmed
54772025,N63272347,23/04/2012,B,SDL,12000,0.47,29.95,5669.95,27/04/2012,Confirmed
54754602,N63248993,19/04/2012,S,SDL,12000,0.47,29.95,5610.05,24/04/2012,Confirmed
54707171,N63192375,16/04/2012,B,JKA,25000,0.21,29.95,5279.95,19/04/2012,Confirmed
54272806,N62660653,6/03/2012,S,MNMOA,10000,0.077,29.95,740.05,9/03/2012,Confirmed
54284982,N62660448,6/03/2012,S,MNM,29700,0.12,0,3564,9/03/2012,Confirmed
54273017,N62660448,6/03/2012,S,MNM,300,0.12,29.95,6.05,9/03/2012,Confirmed
54254598,N62643212,5/03/2012,S,ADO,60000,0.079,29.95,4710.05,8/03/2012,Confirmed
54249957,N62622153,2/03/2012,B,ADO,60000,0.083,29.95,5009.95,7/03/2012,Confirmed
54230120,N62611449,1/03/2012,S,ADO,58000,0.083,29.95,4784.05,6/03/2012,Confirmed
54228067,N62607782,1/03/2012,B,ADO,58000,0.086,29.95,5017.95,6/03/2012,Confirmed
54222535,N62601419,1/03/2012,S,MNMOA,50000,0.095,29.95,4720.05,6/03/2012,Confirmed
54216232,N62594676,29/02/2012,B,MNMOA,50000,0.099,29.95,4979.95,5/03/2012,Confirmed
54181619,N62551685,27/02/2012,S,WHN,100000,0.052,29.95,5170.05,1/03/2012,Confirmed
54164911,N62531323,24/02/2012,B,WHN,100000,0.05,29.95,5029.95,29/02/2012,Confirmed
54161743,N62527319,24/02/2012,S,MAD,6000,0.8,29.95,4770.05,29/02/2012,Confirmed
54160417,N62525824,24/02/2012,B,MAD,6000,0.815,29.95,4919.95,29/02/2012,Confirmed
54024412,N62362279,14/02/2012,S,WHN,106000,0.046,29.95,4846.05,17/02/2012,Confirmed
54024998,N62362068,14/02/2012,B,EXE,24000,0.206,29.95,4969.75,17/02/2012,Confirmed
54006025,N62339060,10/02/2012,S,WFE,35000,0.15,29.95,5220.05,15/02/2012,Confirmed
53994492,N62325925,10/02/2012,B,WFE,35000,0.15,29.95,5279.95,15/02/2012,Confirmed
53994412,N62325855,10/02/2012,S,NMR,100000,0.047,29.95,4670.05,15/02/2012,Confirmed
53981408,N62309658,9/02/2012,B,NMR,100000,0.049,29.95,4929.95,14/02/2012,Confirmed
53867647,N62164871,30/01/2012,S,HAW,300000,0.013,29.95,3870.05,2/02/2012,Confirmed
53862989,N62163438,30/01/2012,B,HAW,300000,0.013,29.95,3929.95,2/02/2012,Confirmed
53813642,N62104404,24/01/2012,B,NMR,70000,0.057,29.95,4019.95,30/01/2012,Confirmed
53786576,N62058997,20/01/2012,S,MNM,46000,0.091,0,4186,25/01/2012,Confirmed
53778522,N62060846,19/01/2012,B,WHN,106000,0.047,29.95,5011.95,24/01/2012,Confirmed
53782109,N62058997,19/01/2012,S,MNM,10000,0.094,29.95,910.05,24/01/2012,Confirmed
53776628,N62058742,19/01/2012,S,NMR,90000,0.06,29.95,5370.05,24/01/2012,Confirmed
53771135,N62050511,19/01/2012,B,MNM,56000,0.089,29.95,5013.95,24/01/2012,Confirmed
53739006,N62011779,16/01/2012,S,BLT,250000,0.02,29.95,4970.05,19/01/2012,Confirmed
53722640,N61991014,13/01/2012,B,NMR,90000,0.054,29.95,4889.95,18/01/2012,Confirmed
53712603,N61977992,12/01/2012,B,BLT,250000,0.02,29.95,5029.95,17/01/2012,Confirmed
53707023,N61969403,12/01/2012,S,NMR,95000,0.052,29.95,4910.05,17/01/2012,Confirmed
53702938,N61966503,12/01/2012,S,EOC,17000,0.44,29.95,7450.05,17/01/2012,Confirmed
53700486,N61951043,11/01/2012,B,NMR,95000,0.052,29.95,4969.95,16/01/2012,Confirmed
53675084,N61931119,9/01/2012,S,NMR,100000,0.056,29.95,5570.05,12/01/2012,Confirmed
53662487,N61911977,6/01/2012,B,NMR,100000,0.05,29.95,5029.95,11/01/2012,Confirmed
53658774,N61906619,5/01/2012,S,ROBO,388889,0.009,0,3500,10/01/2012,Confirmed
53656599,N61906619,5/01/2012,S,ROBO,111111,0.009,29.95,970.05,10/01/2012,Confirmed
53655928,N61906417,5/01/2012,B,ROBO,500000,0.01,29.95,5029.95,10/01/2012,Confirmed
53322518,N61499987,30/11/2011,S,ADO,80000,0.072,29.95,5730.05,5/12/2011,Confirmed
53326117,N61503862,30/11/2011,B,ABU,65000,0.076,29.95,4969.95,5/12/2011,Confirmed
53299467,N61470695,28/11/2011,S,NMR,80000,0.041,29.95,3250.05,1/12/2011,Confirmed
53298041,N61469475,28/11/2011,B,NMR,80000,0.043,29.95,3469.95,1/12/2011,Confirmed
53208042,N61360913,21/11/2011,B,EOC,17000,0.405,29.95,6914.95,24/11/2011,Confirmed
53205451,N61357238,21/11/2011,S,NEU,240000,0.03,29.95,7170.05,24/11/2011,Confirmed
53137068,N61242572,14/11/2011,B,NEU,240000,0.025,29.95,6029.95,17/11/2011,Confirmed
53030747,N61136582,4/11/2011,B,GRM,400000,0.018,29.95,7229.95,9/11/2011,Confirmed
53016915,N61115754,3/11/2011,S,NEU,240000,0.03,29.95,7170.05,8/11/2011,Confirmed
52992568,N61087702,2/11/2011,B,NEU,240000,0.032,29.95,7709.95,7/11/2011,Confirmed
52981399,N61073789,1/11/2011,S,FML,150000,0.059,29.95,8820.05,4/11/2011,Confirmed
52970845,N61062123,31/10/2011,B,ADO,80000,0.062,29.95,4989.95,4/11/2011,Confirmed
52967567,N61058007,31/10/2011,S,WHNO,500000,0.02,31,9969,4/11/2011,Confirmed
52970954,N61062265,31/10/2011,B,WPG,43000,0.115,29.95,4974.95,4/11/2011,Confirmed
52964775,N61053636,31/10/2011,B,EOC,11000,0.375,29.95,4154.95,4/11/2011,Confirmed
52975843,N61064693,31/10/2011,B,CXY,220000,0.022,29.95,4869.95,4/11/2011,Confirmed
52972551,N61063941,31/10/2011,S,EOC,11000,0.385,29.95,4205.05,4/11/2011,Confirmed
52917529,N60996273,26/10/2011,B,AZY,22000,0.22,29.95,4869.95,31/10/2011,Confirmed
52906972,N60983703,26/10/2011,B,FML,150000,0.066,29.95,9929.95,31/10/2011,Confirmed
52901732,N60976784,25/10/2011,S,NEU,400000,0.029,35.96,11564.04,28/10/2011,Confirmed
52873575,N60942904,24/10/2011,B,NEU,400000,0.024,29.95,9629.95,27/10/2011,Confirmed
52869296,N60921668,21/10/2011,S,NDO,9032,0.045,29.95,376.49,26/10/2011,Confirmed
52870471,N60921668,21/10/2011,S,NDO,190968,0.045,0,8593.56,26/10/2011,Confirmed
52860698,N60925606,21/10/2011,S,ADO,75000,0.064,29.95,4770.05,26/10/2011,Confirmed
52852131,N60914653,20/10/2011,S,GNS,21000,0.285,29.95,5955.05,25/10/2011,Confirmed
52854170,N60914671,20/10/2011,B,ADO,75000,0.062,29.95,4679.95,25/10/2011,Confirmed
52847914,N60908848,20/10/2011,B,GNS,21000,0.285,29.95,6014.95,25/10/2011,Confirmed
52831059,N60889844,19/10/2011,B,NDO,200000,0.046,29.95,9229.95,24/10/2011,Confirmed
52831266,N60890249,19/10/2011,B,BCC,80000,0.074,29.95,5949.95,24/10/2011,Confirmed
52829857,N60888278,19/10/2011,S,GNS,17000,0.305,29.95,5155.05,24/10/2011,Confirmed
52831866,N60891110,19/10/2011,S,BCC,80000,0.072,29.95,5730.05,24/10/2011,Confirmed
52829854,N60887244,19/10/2011,B,GNS,17000,0.305,29.95,5214.95,24/10/2011,Confirmed
52811115,N60865198,18/10/2011,S,JKA,92000,0.175,49.91,16050.09,21/10/2011,Confirmed
52658880,N60672016,5/10/2011,B,WHNO,500000,0.014,29.95,7029.95,10/10/2011,Confirmed
52621822,N60624613,3/10/2011,S,GCN,218232,0.024,29.95,5207.62,6/10/2011,Confirmed
52633251,N60624613,3/10/2011,S,GCN,1768,0.024,0,42.43,6/10/2011,Confirmed
52609203,N60612037,30/09/2011,B,GCN,220000,0.024,29.95,5283.95,6/10/2011,Confirmed
52589338,N60585921,29/09/2011,S,SDL,19000,0.415,29.95,7855.05,5/10/2011,Confirmed
52550937,N60539946,27/09/2011,B,SDL,19000,0.405,29.95,7724.95,30/09/2011,Confirmed
52523384,N60505529,26/09/2011,S,WHN,165000,0.047,29.95,7725.05,29/09/2011,Confirmed
52460911,N60314766,22/09/2011,B,WHN,165000,0.046,29.95,7619.95,27/09/2011,Confirmed
52357789,N60217114,14/09/2011,B,WHN,135000,0.056,29.95,7589.95,19/09/2011,Confirmed
52360866,N60309017,14/09/2011,S,WHN,135000,0.056,29.95,7530.05,19/09/2011,Confirmed
52288005,N60216778,8/09/2011,S,WHN,135000,0.057,29.95,7665.05,13/09/2011,Confirmed
52276673,N60200679,7/09/2011,S,WHN,140000,0.05,29.95,6970.05,12/09/2011,Confirmed
52278943,N60203319,7/09/2011,B,WHN,135000,0.051,29.95,6914.95,12/09/2011,Confirmed
51920987,N59743183,12/08/2011,B,JKA,54000,0.096,29.95,5186.94,17/08/2011,Confirmed
51922760,N59742617,12/08/2011,S,GOLD,30,165.41,29.95,4932.35,17/08/2011,Confirmed
51858512,N59660344,10/08/2011,B,GOLD,30,163.094,29.95,4922.77,15/08/2011,Confirmed
51847811,N59654591,10/08/2011,B,SDL,21000,0.47,29.95,9899.95,15/08/2011,Confirmed
51850097,N59658482,10/08/2011,S,GOLD,34,165.35,29.95,5591.95,15/08/2011,Confirmed
51823091,N59608543,9/08/2011,B,SDL,24000,0.42,31.25,10111.25,12/08/2011,Confirmed
51835602,N59630486,9/08/2011,S,SDL,24000,0.44,32.74,10527.26,12/08/2011,Confirmed
51632554,N59391678,4/08/2011,B,JKA,38000,0.105,29.95,4019.95,9/08/2011,Confirmed
51611832,N59364837,3/08/2011,B,CGM,50000,0.083,29.95,4179.95,8/08/2011,Confirmed
51614599,N59366515,3/08/2011,S,CGM,50000,0.077,29.95,3820.05,8/08/2011,Confirmed
51580978,N59329465,1/08/2011,S,AKI,11000,0.365,29.95,3985.05,4/08/2011,Confirmed
51573387,N59318993,1/08/2011,B,AKI,11000,0.36,29.95,3989.95,4/08/2011,Confirmed
51547094,N59289566,29/07/2011,B,TVN,75000,0.067,29.95,5054.95,4/08/2011,Confirmed
51553756,N59295992,29/07/2011,B,TVN,82000,0.06,29.95,4949.95,4/08/2011,Confirmed
51550797,N59291998,29/07/2011,S,TVN,75000,0.062,29.95,4620.05,4/08/2011,Confirmed
51554812,N59297070,29/07/2011,S,TVN,82000,0.06,29.95,4890.05,4/08/2011,Confirmed
51525767,N59263599,28/07/2011,S,AKI,15000,0.33,29.95,4920.05,3/08/2011,Confirmed
51506937,N59242130,27/07/2011,B,AKI,15000,0.335,29.95,5054.95,2/08/2011,Confirmed
51493487,N59222437,26/07/2011,S,CGM,70000,0.079,29.95,5500.05,29/07/2011,Confirmed
51498879,N59231394,26/07/2011,S,CGM,60000,0.084,29.95,5010.05,29/07/2011,Confirmed
51494361,N59225571,26/07/2011,B,CGM,65000,0.078,29.95,5099.95,29/07/2011,Confirmed
51496593,N59228141,26/07/2011,B,CGM,60000,0.082,29.95,4949.95,29/07/2011,Confirmed
51495625,N59227303,26/07/2011,S,CGM,65000,0.08,29.95,5170.05,29/07/2011,Confirmed
51480206,N59208965,25/07/2011,B,CGM,70000,0.07,29.95,4929.95,28/07/2011,Confirmed
51467868,N59193216,22/07/2011,S,AKI,14000,0.34,29.95,4730.05,27/07/2011,Confirmed
51455078,N59176774,22/07/2011,B,AKI,14000,0.34,29.95,4789.95,27/07/2011,Confirmed
51449788,N59170298,21/07/2011,S,CGM,85000,0.059,29.95,4985.05,26/07/2011,Confirmed
51438838,N59156063,21/07/2011,S,SDL,9000,0.535,29.95,4785.05,26/07/2011,Confirmed
51443243,N59162476,21/07/2011,B,WHN,140000,0.035,29.95,4929.95,26/07/2011,Confirmed
51437755,N59155582,21/07/2011,B,SDL,9000,0.53,29.95,4799.95,26/07/2011,Confirmed
51432755,N59148773,20/07/2011,S,JKA,40000,0.13,29.95,5170.05,25/07/2011,Confirmed
51426017,N59141298,20/07/2011,S,MMR,27000,0.185,29.95,4965.05,25/07/2011,Confirmed
51431174,N59147330,20/07/2011,S,TVN,70000,0.067,29.95,4660.05,25/07/2011,Confirmed
51428835,N59144803,20/07/2011,B,TVN,70000,0.071,29.95,4999.95,25/07/2011,Confirmed
51424468,N59132621,20/07/2011,B,MMR,27000,0.185,29.95,5024.95,25/07/2011,Confirmed
51421389,N59135430,20/07/2011,B,JKA,40000,0.125,29.95,5029.95,25/07/2011,Confirmed
51425069,N59137791,20/07/2011,S,AKI,17000,0.315,29.95,5325.05,25/07/2011,Confirmed
51411952,N59122920,19/07/2011,S,EGO,150000,0.03,29.95,4470.05,22/07/2011,Confirmed
51401381,N59109744,19/07/2011,B,AKI,17000,0.295,29.95,5044.95,22/07/2011,Confirmed
51407237,N59117362,19/07/2011,B,EGO,150000,0.032,29.95,4829.95,22/07/2011,Confirmed
51390275,N59096552,18/07/2011,S,SDL,11000,0.475,29.95,5195.05,21/07/2011,Confirmed
51388658,N59094261,18/07/2011,B,TVN,75000,0.066,29.95,4979.95,21/07/2011,Confirmed
51390451,N59096770,18/07/2011,S,TVN,75000,0.062,29.95,4620.05,21/07/2011,Confirmed
51387236,N59092449,18/07/2011,B,SDL,11000,0.465,29.95,5144.95,21/07/2011,Confirmed
51375454,N59077164,15/07/2011,B,CGM,83000,0.06,29.95,5009.95,20/07/2011,Confirmed
51364815,N59065714,15/07/2011,S,CEO,43000,0.105,29.95,4485.05,20/07/2011,Confirmed
51364281,N59065223,15/07/2011,B,CEO,43000,0.115,29.95,4974.95,20/07/2011,Confirmed
51377659,N59079711,15/07/2011,S,CGM,83000,0.061,29.95,5033.05,20/07/2011,Confirmed
51346284,N59044148,14/07/2011,S,MMR,24000,0.19,29.95,4530.05,19/07/2011,Confirmed
51351531,N59050648,14/07/2011,S,ADO,60000,0.084,29.95,4999.24,19/07/2011,Confirmed
51349564,N59047752,14/07/2011,B,NAE,30000,0.17,29.95,5129.95,19/07/2011,Confirmed
51354244,N59053314,14/07/2011,B,ADO,58000,0.085,29.95,4959.95,19/07/2011,Confirmed
51326662,N59019322,13/07/2011,B,ADO,60000,0.081,29.95,4889.95,18/07/2011,Confirmed
51333520,N59021335,13/07/2011,B,CGM,85000,0.058,29.95,4959.95,18/07/2011,Confirmed
51302765,N58992745,12/07/2011,S,MMR,20000,0.215,29.95,4270.05,15/07/2011,Confirmed
51310248,N58998983,12/07/2011,B,MMR,24000,0.21,29.95,5069.95,15/07/2011,Confirmed
51302129,N58992707,12/07/2011,S,AKI,18000,0.265,29.95,4740.05,15/07/2011,Confirmed
51292282,N58979840,11/07/2011,B,AKI,18000,0.275,29.95,4979.95,14/07/2011,Confirmed
51300677,N58983113,11/07/2011,B,MMR,20000,0.22,29.95,4429.95,14/07/2011,Confirmed
51288620,N58975238,11/07/2011,S,MMR,25000,0.23,29.95,5720.05,14/07/2011,Confirmed
51298969,N58987730,11/07/2011,S,CGM,70000,0.066,29.95,4590.05,14/07/2011,Confirmed
51293227,N58978760,11/07/2011,B,CGM,70000,0.071,29.95,4999.95,14/07/2011,Confirmed
51292132,N58979565,11/07/2011,S,NDO,65000,0.077,29.95,4975.05,14/07/2011,Confirmed
51295140,N58983507,11/07/2011,B,CEO,28000,0.175,29.95,4929.95,14/07/2011,Confirmed
51289560,N58976263,11/07/2011,B,KIK,380000,0.013,29.95,4969.95,14/07/2011,Confirmed
51286563,N58971647,11/07/2011,B,NRU,55000,0.092,29.95,5089.95,14/07/2011,Confirmed
51296541,N58985076,11/07/2011,S,CEO,28000,0.165,29.95,4590.05,14/07/2011,Confirmed
51290321,N58977250,11/07/2011,B,NDO,65000,0.076,29.95,4969.95,14/07/2011,Confirmed
51287884,N58974524,11/07/2011,S,CGM,70000,0.073,29.95,5080.05,14/07/2011,Confirmed
51287760,N58974394,11/07/2011,S,NRU,55000,0.089,29.95,4865.05,14/07/2011,Confirmed
51290632,N58977731,11/07/2011,S,KIK,380000,0.014,29.95,5290.05,14/07/2011,Confirmed
51282299,N58966106,8/07/2011,S,NRU,55000,0.09,29.95,4920.05,13/07/2011,Confirmed
51280811,N58964210,8/07/2011,B,CGM,70000,0.07,29.95,4929.95,13/07/2011,Confirmed
51281482,N58965429,8/07/2011,B,MMR,25000,0.195,29.95,4904.95,13/07/2011,Confirmed
51280348,N58962487,8/07/2011,S,MMR,30000,0.185,29.95,5520.05,13/07/2011,Confirmed
51273201,N58954577,8/07/2011,S,CEO,34000,0.155,29.95,5240.05,13/07/2011,Confirmed
51272300,N58954352,8/07/2011,S,NDO,70000,0.07,29.95,4870.05,13/07/2011,Confirmed
51277092,N58960486,8/07/2011,B,NRU,55000,0.089,29.95,4924.95,13/07/2011,Confirmed
51265701,N58946429,8/07/2011,B,CEO,34000,0.155,29.95,5299.95,13/07/2011,Confirmed
51268337,N58949441,8/07/2011,B,NDO,70000,0.07,29.95,4929.95,13/07/2011,Confirmed
51267278,N58945933,8/07/2011,B,MMR,30000,0.17,29.95,5129.95,13/07/2011,Confirmed
51261628,N58940408,7/07/2011,S,CEO,34000,0.155,29.95,5240.05,12/07/2011,Confirmed
51246042,N58919579,6/07/2011,B,CEO,34000,0.145,29.95,4959.95,11/07/2011,Confirmed
51240131,N58912766,6/07/2011,B,ARM,19000,0.255,29.95,4874.95,11/07/2011,Confirmed
51240947,N58913256,6/07/2011,S,ARM,19000,0.245,29.95,4625.05,11/07/2011,Confirmed
51227937,N58897039,5/07/2011,B,NDO,78000,0.064,29.95,5021.95,8/07/2011,Confirmed
51222402,N58890703,5/07/2011,S,NDO,70000,0.07,29.95,4870.05,8/07/2011,Confirmed
51231777,N58902348,5/07/2011,S,NDO,76000,0.063,29.95,4758.05,8/07/2011,Confirmed
51228820,N58898620,5/07/2011,S,NDO,78000,0.066,29.95,5118.05,8/07/2011,Confirmed
51231600,N58902168,5/07/2011,B,NDO,76000,0.065,29.95,4969.95,8/07/2011,Confirmed
51219272,N58885811,4/07/2011,B,NDO,70000,0.071,29.95,4999.95,7/07/2011,Confirmed
51218744,N58885247,4/07/2011,S,NDO,81000,0.064,29.95,5154.05,7/07/2011,Confirmed
51218482,N58884942,4/07/2011,B,NDO,81000,0.061,29.95,4970.95,7/07/2011,Confirmed
51164401,N58816821,30/06/2011,B,CXY,240000,0.02,29.95,4829.95,5/07/2011,Confirmed
51172530,N58828632,30/06/2011,S,CXY,240000,0.02,29.95,4770.05,5/07/2011,Confirmed
51175471,N58831722,30/06/2011,S,ADO,68000,0.071,29.95,4798.05,5/07/2011,Confirmed
51159046,N58814854,30/06/2011,B,ADO,68000,0.073,29.95,4993.95,5/07/2011,Confirmed
51121333,N58770410,28/06/2011,B,AYN,62000,0.08,29.95,4989.95,1/07/2011,Confirmed
51124531,N58772133,28/06/2011,S,AYN,62000,0.08,29.95,4930.05,1/07/2011,Confirmed
51135634,N58783828,28/06/2011,S,ADO,67000,0.073,29.95,4861.05,1/07/2011,Confirmed
51101117,N58746445,27/06/2011,B,ADO,67000,0.074,29.95,4987.95,30/06/2011,Confirmed
51081450,N58724315,24/06/2011,B,CKA,6600,0.755,29.95,5012.95,29/06/2011,Confirmed
51083221,N58726441,24/06/2011,S,CKA,6600,0.751,29.95,4926.13,29/06/2011,Confirmed
51068276,N58708495,23/06/2011,S,ADO,64000,0.074,29.95,4706.05,28/06/2011,Confirmed
51063646,N58702149,23/06/2011,B,ADO,64000,0.078,29.95,5021.95,28/06/2011,Confirmed
51065734,N58705500,23/06/2011,S,KDR,9800,0.51,29.95,4968.05,28/06/2011,Confirmed
51064134,N58703527,23/06/2011,B,KDR,9800,0.506,29.95,4989.14,28/06/2011,Confirmed
51040350,N58676597,22/06/2011,B,ADO,68000,0.073,29.95,4993.95,27/06/2011,Confirmed
51056991,N58694856,22/06/2011,S,ADO,68000,0.072,29.95,4866.05,27/06/2011,Confirmed
51045426,N58677837,22/06/2011,B,BOD,65000,0.076,29.95,4969.95,27/06/2011,Confirmed
51054682,N58692675,22/06/2011,S,BOD,65000,0.073,29.95,4715.05,27/06/2011,Confirmed
51022643,N58654474,21/06/2011,B,CEO,75000,0.065,29.95,4904.95,24/06/2011,Confirmed
51027073,N58660005,21/06/2011,S,CEO,75000,0.063,29.95,4695.05,24/06/2011,Confirmed
51005402,N58632978,20/06/2011,B,ADO,68000,0.073,29.95,4993.95,23/06/2011,Confirmed
51018026,N58646393,20/06/2011,S,ADO,68000,0.072,29.95,4866.05,23/06/2011,Confirmed
50990241,N58616902,17/06/2011,S,EGO,166000,0.026,29.95,4286.05,22/06/2011,Confirmed
50978624,N58602853,17/06/2011,B,EGO,166000,0.03,29.95,5009.95,22/06/2011,Confirmed
50939660,N58557893,15/06/2011,S,FML,65000,0.075,29.95,4845.05,20/06/2011,Confirmed
50937519,N58556011,15/06/2011,B,FML,65000,0.076,29.95,4969.95,20/06/2011,Confirmed
50930920,N58547474,14/06/2011,S,NRU,58000,0.084,29.95,4842.05,17/06/2011,Confirmed
50930353,N58546814,14/06/2011,B,NRU,58000,0.086,29.95,5017.95,17/06/2011,Confirmed
50893761,N58501776,9/06/2011,S,AYR,140000,0.067,29.95,9350.05,15/06/2011,Confirmed
50893697,N58501706,9/06/2011,B,AYR,140000,0.07,29.95,9829.95,15/06/2011,Confirmed
50868258,N58471349,8/06/2011,S,NAE,90000,0.11,29.95,9870.05,14/06/2011,Confirmed
50866601,N58469016,8/06/2011,B,NAE,90000,0.11,29.95,9929.95,14/06/2011,Confirmed
48528640,N55619716,19/01/2011,B,MNM,20000,0.205,29.95,4129.95,24/01/2011,Confirmed
48528375,N55619353,19/01/2011,S,RER,210000,0.021,29.95,4380.05,24/01/2011,Confirmed
48489344,N55572317,18/01/2011,B,RER,210000,0.024,29.95,5069.95,21/01/2011,Confirmed
48487356,N55569825,18/01/2011,S,CEO,120000,0.043,29.95,5130.05,21/01/2011,Confirmed
48287640,N55317518,5/01/2011,B,CEO,120000,0.03,29.95,3629.95,10/01/2011,Confirmed
48286838,N55305951,5/01/2011,S,CEO,150000,0.03,29.95,4470.05,10/01/2011,Confirmed
48235985,N55258831,4/01/2011,B,PGM,10000,0.45,29.95,4529.95,7/01/2011,Confirmed
48244625,N55266419,4/01/2011,B,CEO,150000,0.032,29.95,4829.95,7/01/2011,Confirmed
48239052,N55260824,4/01/2011,S,PGM,10000,0.468,29.95,4650.05,7/01/2011,Confirmed
48152549,N55150880,23/12/2010,S,PEK,10000,0.5,29.95,4970.05,30/12/2010,Confirmed
48128134,N55119718,22/12/2010,B,PEK,10000,0.52,29.95,5229.95,29/12/2010,Confirmed
48064010,N55043555,17/12/2010,B,RER,220000,0.022,29.95,4869.95,22/12/2010,Confirmed
48070278,N55051403,17/12/2010,S,GBZ,30000,0.148,29.95,4417.05,22/12/2010,Confirmed
48062073,N55041165,17/12/2010,S,QMN,30000,0.171,29.95,5093.08,22/12/2010,Confirmed
48059541,N55037606,17/12/2010,B,QMN,30000,0.17,29.95,5129.95,22/12/2010,Confirmed
48068061,N55048661,17/12/2010,B,GBZ,30000,0.165,29.95,4979.95,22/12/2010,Confirmed
48066258,N55046395,17/12/2010,S,RER,220000,0.019,29.95,4150.05,22/12/2010,Confirmed
48040630,N55015369,16/12/2010,S,LEG,120000,0.046,29.95,5490.05,21/12/2010,Confirmed
48040067,N55014780,16/12/2010,B,LEG,120000,0.041,29.95,4949.95,21/12/2010,Confirmed
47690395,N54585083,24/11/2010,S,SDL,14000,0.37,29.95,5150.05,29/11/2010,Confirmed
47690385,N54585014,24/11/2010,B,RXLOA,70000,0.046,29.95,3249.95,29/11/2010,Confirmed
47657851,N54538259,23/11/2010,B,SDL,14000,0.345,29.95,4859.95,26/11/2010,Confirmed
47639056,N54524117,22/11/2010,B,SDL,14000,0.355,29.95,4999.95,25/11/2010,Confirmed
47642640,N54527829,22/11/2010,S,SDL,14000,0.345,29.95,4800.05,25/11/2010,Confirmed
47633459,N54516976,22/11/2010,S,JMS,6000,0.47,29.95,2790.05,25/11/2010,Confirmed
47424904,N54269544,10/11/2010,B,SDL,18000,0.33,29.95,5969.95,15/11/2010,Confirmed
47436035,N54282648,10/11/2010,S,SDL,18000,0.325,29.95,5820.05,15/11/2010,Confirmed
47148723,N53935814,27/10/2010,B,RXLOA,120000,0.079,29.95,9474.95,1/11/2010,Confirmed
47136673,N53921788,26/10/2010,B,OVR,30000,0.33,29.95,9929.95,29/10/2010,Confirmed
47143411,N53928575,26/10/2010,S,OVR,30000,0.355,33.01,10616.99,29/10/2010,Confirmed
47106866,N53884954,25/10/2010,B,RLC,46000,0.215,29.95,9919.95,28/10/2010,Confirmed
47118243,N53892850,25/10/2010,S,RLC,46000,0.185,29.95,8480.05,28/10/2010,Confirmed
47043966,N53796507,21/10/2010,S,PEK,18000,0.56,31.25,10048.75,26/10/2010,Confirmed
47061971,N53826170,21/10/2010,S,CCCO,190000,0.051,29.95,9660.05,26/10/2010,Confirmed
47040152,N53803893,21/10/2010,B,CCCO,190000,0.05,29.95,9529.95,26/10/2010,Confirmed
47027972,N53786949,20/10/2010,B,PEK,18000,0.555,29.95,10019.95,25/10/2010,Confirmed
47023207,N53781046,20/10/2010,S,AVBOB,90000,0.11,29.95,9870.05,25/10/2010,Confirmed
47015194,N53772702,20/10/2010,B,AVBOB,90000,0.11,29.95,9929.95,25/10/2010,Confirmed
47005526,N53760165,19/10/2010,S,CCCO,200000,0.048,29.95,9570.05,22/10/2010,Confirmed
46988556,N53739679,19/10/2010,B,CCCO,200000,0.047,29.95,9429.95,22/10/2010,Confirmed
46895195,N53623953,13/10/2010,S,CCC,90000,0.078,29.95,6990.05,18/10/2010,Confirmed
46884942,N53611124,13/10/2010,B,CCC,90000,0.072,29.95,6509.95,18/10/2010,Confirmed
46895437,N53623989,13/10/2010,B,CCCO,140000,0.049,29.95,6889.95,18/10/2010,Confirmed
46878258,N53601543,12/10/2010,S,AVBOB,45000,0.15,29.95,6720.05,15/10/2010,Confirmed
46866662,N53582160,12/10/2010,B,OBL,140000,0.052,29.95,7309.95,15/10/2010,Confirmed
46867326,N53589203,12/10/2010,S,OBL,140000,0.051,29.95,7110.05,15/10/2010,Confirmed
46868682,N53590870,12/10/2010,B,AVBOB,45000,0.155,29.95,7004.95,15/10/2010,Confirmed
46859733,N53581633,12/10/2010,S,PEK,11000,0.67,29.95,7340.05,15/10/2010,Confirmed
46715455,N53402237,4/10/2010,B,PEK,11000,0.535,29.95,5914.95,7/10/2010,Confirmed
46718860,N53406187,4/10/2010,S,PEK,11000,0.595,29.95,6515.05,7/10/2010,Confirmed
46712796,N53398949,4/10/2010,S,JPR,150000,0.039,29.95,5820.05,7/10/2010,Confirmed
46723454,N53409213,4/10/2010,B,PEK,11000,0.585,29.95,6464.95,7/10/2010,Confirmed
46701281,N53380675,1/10/2010,B,AVBOB,65000,0.078,29.95,5099.95,7/10/2010,Confirmed
46703788,N53386200,1/10/2010,S,AVBOB,65000,0.091,29.95,5885.05,7/10/2010,Confirmed
46689224,N53369239,1/10/2010,B,JPR,140000,0.035,29.95,4929.95,7/10/2010,Confirmed
46695807,N53370010,1/10/2010,S,JPR,140000,0.038,29.95,5290.05,7/10/2010,Confirmed
46705385,N53387968,1/10/2010,B,JPR,150000,0.041,29.95,6179.95,7/10/2010,Confirmed
46684578,N53357440,30/09/2010,S,SDL,30000,0.25,29.95,7470.05,6/10/2010,Confirmed
46603832,N53264579,27/09/2010,B,SDL,30000,0.235,29.95,7079.95,30/09/2010,Confirmed
42655637,N48393095,29/01/2010,S,FML,140000,0.068,29.95,9490.05,3/02/2010,Confirmed
42601272,N48328941,27/01/2010,B,FML,140000,0.066,29.95,9269.95,1/02/2010,Confirmed
42337150,N48001345,13/01/2010,S,GSE,100000,0.066,29.95,6570.05,18/01/2010,Confirmed
41101139,C-N46452098,2/11/2009,S,CTPO,20000,0.08,29.95,1570.05,6/11/2009,Confirmed
41101032,C-N46451789,2/11/2009,S,CTP,40000,0.135,29.95,5370.05,6/11/2009,Confirmed
40354580,C-N45544809,1/10/2009,S,CTP,40000,0.21,29.95,8370.05,7/10/2009,Confirmed
38650504,C-N43425969,22/07/2009,B,MLSOA,200000,0.006,29.95,1229.95,27/07/2009,Confirmed
37631254,C-N42157303,1/06/2009,B,MLSOA,200000,0.01,29.95,2029.95,4/06/2009,Confirmed
37595852,C-N42108931,28/05/2009,S,WCUO,20000,0.14,29.95,2770.05,2/06/2009,Confirmed
37538315,C-N42040538,26/05/2009,S,GDNO,1120000,0.002,29.95,2210.05,29/05/2009,Confirmed
37539967,C-N42040642,26/05/2009,B,WCUO,20000,0.105,29.95,2129.95,29/05/2009,Confirmed
37381817,C-N41839703,15/05/2009,B,GDNO,270000,0.037,29.95,10019.95,20/05/2009,Confirmed
37214220,C-N41631172,8/05/2009,B,WCUO,95000,0.105,29.95,10004.95,13/05/2009,Confirmed
37217477,C-N41633545,8/05/2009,S,WCUO,95000,0.106,31.11,10003.89,13/05/2009,Confirmed
37197472,C-N41609673,7/05/2009,S,GDNO,240000,0.037,29.95,8850.05,12/05/2009,Confirmed
37148699,C-N41547512,6/05/2009,B,INL,300000,0.02,29.95,6029.95,11/05/2009,Confirmed
37153336,C-N41553769,6/05/2009,S,INL,300000,0.018,29.95,5370.05,11/05/2009,Confirmed
37161059,C-N41563357,6/05/2009,B,GDNO,240000,0.04,29.95,9629.95,11/05/2009,Confirmed
37070566,C-N41447637,1/05/2009,B,GDNO,210000,0.032,29.95,6749.95,6/05/2009,Confirmed
37065735,C-N41442098,1/05/2009,B,GDNO,120000,0.031,29.95,3749.95,6/05/2009,Confirmed
36810751,C-N41126817,17/04/2009,S,INL,250000,0.021,29.95,5220.05,22/04/2009,Confirmed
36789888,C-N41099584,16/04/2009,B,INL,250000,0.02,29.95,5029.95,21/04/2009,Confirmed
36743989,C-N41040054,14/04/2009,B,CTP,40000,0.135,29.95,5429.95,17/04/2009,Confirmed
36741284,C-N41034016,14/04/2009,B,GDNO,70000,0.036,29.95,2549.95,17/04/2009,Confirmed
36724301,C-N41013626,9/04/2009,S,GDNO,200000,0.04,29.95,7970.05,16/04/2009,Confirmed
36531111,C-N40759794,30/03/2009,B,GDNO,300000,0.01,29.95,3029.95,2/04/2009,Confirmed
36473348,C-N40695198,26/03/2009,S,INL,100000,0.022,29.95,2170.05,31/03/2009,Confirmed
36468509,C-N40694271,26/03/2009,B,INL,100000,0.024,29.95,2429.95,31/03/2009,Confirmed
36440697,N40611583,24/03/2009,S,GDNO,550000,0.008,29.95,4370.05,27/03/2009,Confirmed
36402061,C-N40607747,23/03/2009,B,GDNO,550000,0.009,29.95,4979.95,26/03/2009,Confirmed
36304266,C-N40489564,17/03/2009,B,GDNO,250000,0.008,29.95,2029.95,20/03/2009,Confirmed
36182709,C-N40338507,6/03/2009,B,GDNO,100000,0.005,29.95,529.95,12/03/2009,Confirmed
36097770,C-N40230086,2/03/2009,B,GOLD,34,146.6,29.95,5014.35,5/03/2009,Confirmed
36078838,C-N40199299,27/02/2009,S,OZL,7500,0.605,29.95,4507.55,4/03/2009,Confirmed
36071641,C-N40198862,27/02/2009,B,OZL,7500,0.635,29.95,4792.45,4/03/2009,Confirmed
27457727,N29684558,19/09/2007,S,THX,28000,0.36,31.25,10048.75,24/09/2007,Confirmed
27455557,N29629957,19/09/2007,S,BLR,64000,0.155,29.95,9890.05,24/09/2007,Confirmed
27434582,N29683906,18/09/2007,B,THX,28000,0.355,29.95,9969.95,21/09/2007,Confirmed
27393081,N29629514,14/09/2007,S,BLR,64000,0.15,29.95,9570.05,19/09/2007,Confirmed
27389333,N29629288,14/09/2007,B,BLR,64000,0.155,29.95,9949.95,19/09/2007,Confirmed
27389761,N29629792,14/09/2007,B,BLR,64000,0.155,29.95,9949.95,19/09/2007,Confirmed
27365463,N29598744,12/09/2007,S,APG,10000,0.105,29.95,1020.05,17/09/2007,Confirmed
27365563,N29579394,12/09/2007,S,AEX,320000,0.029,29.95,9250.05,17/09/2007,Confirmed
27348232,N29579093,12/09/2007,B,AEX,320000,0.03,29.95,9629.95,17/09/2007,Confirmed
27357530,N29588780,12/09/2007,B,GDN,39000,0.255,29.95,9974.95,17/09/2007,Confirmed
27363789,N29592698,12/09/2007,S,GDN,39000,0.25,29.95,9720.05,17/09/2007,Confirmed
27332445,N29557393,11/09/2007,B,GDN,35000,0.285,29.95,10004.95,14/09/2007,Confirmed
27334860,N29560640,11/09/2007,S,GDN,35000,0.27,29.95,9420.05,14/09/2007,Confirmed
27295707,N29509809,7/09/2007,S,GDN,36000,0.28,31.25,10048.75,12/09/2007,Confirmed
27295205,N29509625,7/09/2007,B,GDN,35000,0.285,29.95,10004.95,12/09/2007,Confirmed
27237583,N29436069,4/09/2007,S,WMT,54000,0.195,32.64,10497.36,10/09/2007,Confirmed
27228100,N29426641,4/09/2007,B,WMT,54000,0.185,29.95,10019.95,10/09/2007,Confirmed
26839597,N28643442,16/08/2007,S,APG,134000,0.1,41.54,13358.46,21/08/2007,Confirmed
26847186,N28946451,16/08/2007,S,BLRO,55500,0.092,29.95,5086.05,21/08/2007,Confirmed
26844841,N28853855,16/08/2007,S,RMI,130000,0.049,29.95,6340.05,21/08/2007,Confirmed
26855109,N28948239,16/08/2007,S,JMS,51000,0.195,29.95,9940.05,21/08/2007,Confirmed
26860637,N28770819,16/08/2007,S,GGY,150000,0.11,51.15,16448.85,21/08/2007,Confirmed
26846585,N28950610,16/08/2007,S,BLR,93000,0.12,34.6,11125.4,21/08/2007,Confirmed
26849946,N28954714,16/08/2007,S,WMT,79000,0.14,34.29,11025.71,21/08/2007,Confirmed
26844544,N28851576,16/08/2007,S,MLS,51000,0.058,0,2958,21/08/2007,Confirmed
26831190,N28639052,15/08/2007,S,YML,16927,0.46,0,7786.42,20/08/2007,Confirmed
26807960,N28716793,15/08/2007,S,RMG,925000,0.02,57.34,18442.66,20/08/2007,Confirmed
26834979,N28849891,15/08/2007,S,WMT,49500,0.155,29.95,7642.55,20/08/2007,Confirmed
26772691,N28857237,14/08/2007,S,JMS,41000,0.245,31.14,10013.86,17/08/2007,Confirmed
26753943,N28839040,13/08/2007,B,WMT,49500,0.2,29.95,9929.95,16/08/2007,Confirmed
26757945,N28841588,13/08/2007,S,CUL,90000,0.1,29.95,8970.05,16/08/2007,Confirmed
26756345,N28851982,13/08/2007,B,BLR,44000,0.225,29.95,9929.95,16/08/2007,Confirmed
26757028,N28771145,13/08/2007,B,RMI,130000,0.076,29.95,9909.95,16/08/2007,Confirmed
26768301,N28851576,13/08/2007,S,MLS,89000,0.074,29.95,6556.05,16/08/2007,Confirmed
26756954,N28838440,13/08/2007,B,JMS,41000,0.24,29.95,9869.95,16/08/2007,Confirmed
26755332,N28801959,13/08/2007,B,MLS,140000,0.071,29.95,9969.95,16/08/2007,Confirmed
26766604,N28863150,13/08/2007,B,BLR,49000,0.195,29.95,9584.95,16/08/2007,Confirmed
26757161,N28853631,13/08/2007,B,BLRO,55500,0.18,29.95,10019.95,16/08/2007,Confirmed
26753724,N28848626,13/08/2007,B,GGY,79000,0.125,29.95,9904.95,16/08/2007,Confirmed
26747378,N28837933,13/08/2007,B,CUL,90000,0.11,29.95,9929.95,16/08/2007,Confirmed
26756844,N28837454,13/08/2007,B,RMG,475000,0.021,29.95,10004.95,16/08/2007,Confirmed
26702885,N28699982,10/08/2007,S,AEX,275000,0.037,31.54,10143.46,15/08/2007,Confirmed
26688345,N28717440,9/08/2007,S,AGM,15000,0.655,29.95,9795.05,14/08/2007,Confirmed
26688008,N28707403,9/08/2007,S,MLS,125000,0.076,29.95,9470.05,14/08/2007,Confirmed
26701221,N28639052,9/08/2007,S,YML,73,0.585,29.95,12.76,14/08/2007,Confirmed
26678614,N28756072,9/08/2007,B,GGY,71000,0.14,29.95,9969.95,14/08/2007,Confirmed
26662914,N28721007,8/08/2007,S,RMI,135000,0.077,32.22,10362.78,13/08/2007,Confirmed
26645686,N28690291,7/08/2007,S,INL,71000,0.14,29.95,9910.05,10/08/2007,Confirmed
26647403,N28711795,7/08/2007,B,AGM,15000,0.655,29.95,9854.95,10/08/2007,Confirmed
26642574,N28708295,7/08/2007,S,WMT,52000,0.205,33.04,10626.96,10/08/2007,Confirmed
26649835,N28709842,7/08/2007,B,RMI,135000,0.074,29.95,10019.95,10/08/2007,Confirmed
26653096,N28711448,7/08/2007,S,GGY,71000,0.14,29.95,9910.05,10/08/2007,Confirmed
26638055,N28706052,7/08/2007,B,MLS,125000,0.075,29.95,9404.95,10/08/2007,Confirmed
26627632,N28689131,6/08/2007,S,RMI,12400,0.074,2.16,915.44,9/08/2007,Confirmed
26622426,N28637772,6/08/2007,B,RMG,450000,0.022,29.95,9929.95,9/08/2007,Confirmed
26614439,N28665634,6/08/2007,B,RMI,140000,0.071,29.95,9969.95,9/08/2007,Confirmed
26627422,N28689131,6/08/2007,S,RMI,127600,0.074,29.95,9412.45,9/08/2007,Confirmed
26600617,N28660868,6/08/2007,S,GGY,66000,0.145,29.95,9540.05,9/08/2007,Confirmed
26613965,N28673776,6/08/2007,S,GGY,68000,0.15,31.61,10168.39,9/08/2007,Confirmed
26617003,N28678135,6/08/2007,B,INL,71000,0.14,29.95,9969.95,9/08/2007,Confirmed
26603213,N28602624,6/08/2007,S,SRI,86000,0.105,29.95,9000.05,9/08/2007,Confirmed
26624001,N28681603,6/08/2007,B,GGY,71000,0.14,29.95,9969.95,9/08/2007,Confirmed
26611444,N28672189,6/08/2007,B,WMT,52000,0.19,29.95,9909.95,9/08/2007,Confirmed
26624762,N28670756,6/08/2007,B,AEX,275000,0.036,29.95,9929.95,9/08/2007,Confirmed
26607563,N28667746,6/08/2007,B,GGY,68000,0.145,29.95,9889.95,9/08/2007,Confirmed
26582540,N28630682,3/08/2007,B,YML,17000,0.58,29.95,9889.95,9/08/2007,Confirmed
26594028,N28633697,3/08/2007,B,GGY,66000,0.15,29.95,9929.95,9/08/2007,Confirmed
26590702,N28630975,3/08/2007,S,BLR,54000,0.18,29.95,9690.05,9/08/2007,Confirmed
26588632,N28639883,3/08/2007,S,RMI,106000,0.088,29.95,9298.05,9/08/2007,Confirmed
26583763,N28632328,3/08/2007,B,RMI,106000,0.094,29.95,9993.95,9/08/2007,Confirmed
26573734,N28628122,3/08/2007,B,BLR,54000,0.185,29.95,10019.95,9/08/2007,Confirmed
26563447,N28597127,2/08/2007,B,MLS,129000,0.077,29.95,9962.95,8/08/2007,Confirmed
26557469,N28598020,2/08/2007,S,APG,86000,0.115,29.95,9860.05,8/08/2007,Confirmed
26538078,N28587660,2/08/2007,B,CUL,66000,0.15,29.95,9929.95,8/08/2007,Confirmed
26557402,N28608650,2/08/2007,B,WMT,49000,0.2,29.95,9829.95,8/08/2007,Confirmed
26537748,N28588108,2/08/2007,B,BLR,54000,0.185,29.95,10019.95,8/08/2007,Confirmed
26542297,N28588735,2/08/2007,B,APG,86000,0.115,29.95,9919.95,8/08/2007,Confirmed
26541540,N28591298,2/08/2007,B,RMI,95000,0.105,29.95,10004.95,8/08/2007,Confirmed
26558801,N28596500,2/08/2007,S,AEX,240000,0.039,29.95,9330.05,8/08/2007,Confirmed
26537540,N28587934,2/08/2007,B,AEX,240000,0.039,29.95,9389.95,8/08/2007,Confirmed
26550434,N28594809,2/08/2007,B,SRI,86000,0.115,29.95,9919.95,8/08/2007,Confirmed
26569602,N28614972,2/08/2007,S,RMI,106000,0.096,31.55,10144.45,8/08/2007,Confirmed
26569021,N28614096,2/08/2007,S,MLS,129000,0.077,29.95,9903.05,8/08/2007,Confirmed
26562423,N28611498,2/08/2007,B,RMI,106000,0.094,29.95,9993.95,8/08/2007,Confirmed
26559754,N28601317,2/08/2007,S,BLR,54000,0.185,29.95,9960.05,8/08/2007,Confirmed
26564118,N28610369,2/08/2007,S,WMT,49000,0.195,29.95,9525.05,8/08/2007,Confirmed
26548637,N28599871,2/08/2007,S,RMI,95000,0.1,29.95,9470.05,8/08/2007,Confirmed
26560747,N28595868,2/08/2007,S,CUL,66000,0.14,29.95,9210.05,8/08/2007,Confirmed
26501843,N28545151,1/08/2007,S,WGP,60000,0.155,29.95,9270.05,7/08/2007,Confirmed
26503814,N28474808,1/08/2007,S,APG,83000,0.115,29.95,9515.05,7/08/2007,Confirmed
26523358,N28475349,1/08/2007,S,AEX,238000,0.039,29.95,9252.05,7/08/2007,Confirmed
26501763,N28437408,1/08/2007,S,RMI,204000,0.1,63.24,20336.76,7/08/2007,Confirmed
26519905,N28385237,1/08/2007,S,BLR,93000,0.19,54.77,17615.23,7/08/2007,Confirmed
26505945,N28415357,1/08/2007,S,MLSOA,160000,0.055,29.95,8774.1,7/08/2007,Confirmed
26449481,N28485803,30/07/2007,B,BLR,49000,0.2,29.95,9829.95,2/08/2007,Confirmed
26456450,N28494471,30/07/2007,B,APG,83000,0.12,29.95,9989.95,2/08/2007,Confirmed
26448426,N28474376,30/07/2007,S,WMT,43000,0.23,29.95,9860.05,2/08/2007,Confirmed
26409087,N28436970,27/07/2007,B,RMI,74000,0.135,29.95,10019.95,1/08/2007,Confirmed
26428208,N28458334,27/07/2007,B,WMT,43000,0.23,29.95,9919.95,1/08/2007,Confirmed
26400867,N28421810,27/07/2007,B,AEX,238000,0.042,29.95,10025.95,1/08/2007,Confirmed
26416757,N28435135,27/07/2007,S,MLS,116000,0.089,32,10292,1/08/2007,Confirmed
26416802,N28436373,27/07/2007,S,CUL,114000,0.175,61.84,19888.16,1/08/2007,Confirmed
26405678,N28432358,27/07/2007,B,CUL,60000,0.165,29.95,9929.95,1/08/2007,Confirmed
26405487,N28429719,27/07/2007,B,MLS,116000,0.086,29.95,10005.95,1/08/2007,Confirmed
26391661,N28415572,27/07/2007,S,JMS,38000,0.26,29.95,9850.05,1/08/2007,Confirmed
26361819,N28383846,26/07/2007,S,CUL,114000,0.175,61.84,19888.16,31/07/2007,Confirmed
26361997,N28383712,26/07/2007,S,RMI,71000,0.14,29.95,9910.05,31/07/2007,Confirmed
26375095,N28397426,26/07/2007,B,CUL,54000,0.185,29.95,10019.95,31/07/2007,Confirmed
26363824,N28361469,26/07/2007,B,CBH,15000,0.655,29.95,9854.95,31/07/2007,Confirmed
26375393,N28398858,26/07/2007,B,RMI,64000,0.155,29.95,9949.95,31/07/2007,Confirmed
26368616,N28390425,26/07/2007,S,SRI,74000,0.135,29.95,9960.05,31/07/2007,Confirmed
26370308,N28380180,26/07/2007,B,APG,74000,0.14,32.11,10392.11,31/07/2007,Confirmed
26362859,N28385054,26/07/2007,B,BLR,44000,0.225,29.95,9929.95,31/07/2007,Confirmed
26383542,N28406911,26/07/2007,B,RMI,68000,0.145,29.95,9889.95,31/07/2007,Confirmed
26363846,N28386242,26/07/2007,B,MLSOA,160000,0.061,29.95,9789.95,31/07/2007,Confirmed
26377775,N28386507,26/07/2007,S,CBH,15000,0.655,29.95,9795.05,31/07/2007,Confirmed
26329169,N28348484,25/07/2007,S,CBH,15000,0.64,29.95,9570.05,30/07/2007,Confirmed
26346606,N28366981,25/07/2007,B,BLR,44000,0.225,29.95,9929.95,30/07/2007,Confirmed
26329576,N28333649,25/07/2007,B,CUL,74000,0.135,29.95,10019.95,30/07/2007,Confirmed
26335057,N28353158,25/07/2007,S,TEX,49500,0.215,32.99,10609.51,30/07/2007,Confirmed
26328392,N28348318,25/07/2007,S,AGM,12500,0.77,29.95,9595.05,30/07/2007,Confirmed
26350882,N28372216,25/07/2007,B,CUL,64000,0.155,29.95,9949.95,30/07/2007,Confirmed
26352969,N28374347,25/07/2007,S,BLR,44000,0.225,29.95,9870.05,30/07/2007,Confirmed
26351958,N28356636,25/07/2007,B,RMI,74000,0.135,29.95,10019.95,30/07/2007,Confirmed
26343126,N28359804,25/07/2007,B,SRI,74000,0.135,29.95,10019.95,30/07/2007,Confirmed
26324744,N28341650,24/07/2007,B,CBH,15000,0.65,29.95,9779.95,27/07/2007,Confirmed
26316678,N28326644,24/07/2007,B,TEX,49500,0.2,29.95,9929.95,27/07/2007,Confirmed
26318584,N28331771,24/07/2007,S,CUL,70000,0.145,31.46,10118.54,27/07/2007,Confirmed
26324634,N28341713,24/07/2007,B,AGM,12500,0.79,29.95,9904.95,27/07/2007,Confirmed
26307719,N28321518,24/07/2007,S,CBH,15000,0.665,29.95,9945.05,27/07/2007,Confirmed
26301204,N28315622,24/07/2007,B,CBH,15000,0.655,29.95,9854.95,27/07/2007,Confirmed
26318456,N28326833,24/07/2007,S,MLS,110000,0.092,31.37,10088.63,27/07/2007,Confirmed
26315369,N28331074,24/07/2007,B,CUL,70000,0.14,29.95,9829.95,27/07/2007,Confirmed
26295467,N28307304,23/07/2007,B,MLS,110000,0.09,29.95,9929.95,26/07/2007,Confirmed
26282067,N28292048,23/07/2007,B,JMS,35000,0.28,29.95,9829.95,26/07/2007,Confirmed
26283468,N28293878,23/07/2007,S,JMS,35000,0.275,29.95,9595.05,26/07/2007,Confirmed
26284041,N28287806,23/07/2007,S,AGM,12000,0.805,29.95,9630.05,26/07/2007,Confirmed
26276843,N28286998,23/07/2007,B,AGM,12000,0.82,29.95,9869.95,26/07/2007,Confirmed
25741356,N27663078,22/06/2007,S,MLS,105000,0.096,31.25,10048.75,27/06/2007,Confirmed
25734581,N27637624,22/06/2007,S,RMI,56135,0.059,0,3311.97,27/06/2007,Confirmed
25741397,N27663911,22/06/2007,S,AEX,190000,0.053,31.22,10038.78,27/06/2007,Confirmed
25738368,N27661951,22/06/2007,B,YML,25000,0.395,29.95,9900.44,27/06/2007,Confirmed
25739732,N27663697,22/06/2007,B,AEX,190000,0.052,29.95,9909.95,27/06/2007,Confirmed
25739019,N27658659,22/06/2007,B,MLS,105000,0.095,29.95,10004.95,27/06/2007,Confirmed
25750051,N27672061,22/06/2007,S,YML,25000,0.4,31,9969,27/06/2007,Confirmed
25731403,N27637624,21/06/2007,S,RMI,108865,0.061,29.95,6610.09,26/06/2007,Confirmed
25716475,N27633410,21/06/2007,B,RMI,165000,0.06,29.95,9929.95,26/06/2007,Confirmed
25665165,N27122115,19/06/2007,S,WGP,55000,0.16,29.95,8757.98,22/06/2007,Confirmed
25626875,N27535762,18/06/2007,S,GDNO,80000,0.128,31.77,10218.23,21/06/2007,Confirmed
25645187,N27543562,18/06/2007,S,GDNO,138500,0.122,52.22,16793.13,21/06/2007,Confirmed
25615108,N27375514,15/06/2007,S,APG,71000,0.125,29.95,8845.05,20/06/2007,Confirmed
25604929,N27291279,15/06/2007,S,RMI,109138,0.062,0,6766.56,20/06/2007,Confirmed
25599228,N27291279,14/06/2007,S,RMI,50862,0.062,29.95,3123.49,19/06/2007,Confirmed
25592315,N27491141,14/06/2007,S,GTE,27000,0.355,29.95,9555.05,19/06/2007,Confirmed
25597567,N27198360,14/06/2007,S,BLR,78000,0.225,54.41,17495.59,19/06/2007,Confirmed
25588561,N27487938,14/06/2007,S,WMT,31000,0.275,29.95,8495.05,19/06/2007,Confirmed
25577619,N27303757,14/06/2007,S,DYL,34600,0.575,61.67,19833.33,19/06/2007,Confirmed
25535323,N27415583,12/06/2007,B,AGS,5350,1.868,29.95,10026.37,15/06/2007,Confirmed
25535864,N27357206,12/06/2007,S,RMI,168000,0.059,29.95,9957.05,15/06/2007,Confirmed
25536583,N27425687,12/06/2007,B,GDNO,110000,0.092,31.25,10111.25,15/06/2007,Confirmed
25543853,N27437198,12/06/2007,S,AGS,5350,1.89,31.34,10078.41,15/06/2007,Confirmed
25536580,N27429932,12/06/2007,B,GTE,27000,0.368,29.95,9969.76,15/06/2007,Confirmed
25502290,N27383649,8/06/2007,B,DYL,18000,0.555,29.95,10019.95,14/06/2007,Confirmed
25505092,N27295488,8/06/2007,S,GSE,86500,0.12,32.18,10347.82,14/06/2007,Confirmed
25481311,N27350572,7/06/2007,B,WMT,33000,0.3,29.95,9929.95,13/06/2007,Confirmed
25481797,N27321764,7/06/2007,S,WMT,33000,0.3,29.95,9870.05,13/06/2007,Confirmed
25476402,N27340658,7/06/2007,B,RMI,178000,0.056,29.95,9997.95,13/06/2007,Confirmed
25467141,N27317823,7/06/2007,B,APG,71000,0.14,29.95,9969.95,13/06/2007,Confirmed
25459953,N27178831,6/06/2007,S,RMG,212895,0.031,1.1,6598.65,12/06/2007,Confirmed
25445821,N27320938,6/06/2007,B,WMT,31000,0.32,29.95,9949.95,12/06/2007,Confirmed
25418147,N27288565,5/06/2007,S,DYL,16500,0.59,29.95,9705.05,8/06/2007,Confirmed
25423741,N27295343,5/06/2007,B,GSE,86500,0.115,29.95,9977.45,8/06/2007,Confirmed
25421722,N27291468,5/06/2007,B,WMT,33000,0.3,29.95,9929.95,8/06/2007,Confirmed
25439856,N27178831,5/06/2007,S,RMG,122105,0.028,29.95,3388.99,8/06/2007,Confirmed
25434842,N27308225,5/06/2007,S,WMT,33000,0.3,29.95,9870.05,8/06/2007,Confirmed
25418748,N27227204,5/06/2007,S,WMT,33000,0.31,31.71,10198.29,8/06/2007,Confirmed
25437726,N27289541,5/06/2007,S,APG,74000,0.13,29.95,9590.05,8/06/2007,Confirmed
25419564,N27289834,5/06/2007,B,DYL,16600,0.6,29.95,9989.95,8/06/2007,Confirmed
25405870,N27264129,4/06/2007,S,GSE,83000,0.12,29.95,9930.05,7/06/2007,Confirmed
25400302,N27268445,4/06/2007,S,JMS,50000,0.19,29.95,9470.05,7/06/2007,Confirmed
25387875,N27253858,4/06/2007,B,JMS,50000,0.195,29.95,9779.95,7/06/2007,Confirmed
25396704,N27263688,4/06/2007,B,GSE,83000,0.12,29.95,9989.95,7/06/2007,Confirmed
25409214,N27277650,4/06/2007,B,DYL,16500,0.605,29.95,10012.45,7/06/2007,Confirmed
25394442,N27206700,4/06/2007,S,RMI,175000,0.057,29.95,9945.05,7/06/2007,Confirmed
25395498,N26913566,4/06/2007,S,RMI,170000,0.06,31.61,10168.39,7/06/2007,Confirmed
25366398,N27143611,1/06/2007,S,INL,57000,0.175,29.95,9945.05,6/06/2007,Confirmed
25367465,N27226342,1/06/2007,B,WMT,33000,0.3,29.95,9929.95,6/06/2007,Confirmed
25368474,N27207216,1/06/2007,B,APG,74000,0.135,29.95,10019.95,6/06/2007,Confirmed
25349220,N27194820,31/05/2007,S,DYL,19000,0.535,31.5,10133.5,5/06/2007,Confirmed
25343668,N27194494,31/05/2007,S,WMT,36000,0.285,31.8,10228.2,5/06/2007,Confirmed
25333271,N27178347,30/05/2007,S,WMT,35000,0.275,29.95,9595.05,4/06/2007,Confirmed
25337371,N27189392,30/05/2007,B,WMT,36000,0.28,31.25,10111.25,4/06/2007,Confirmed
25325473,N27176948,30/05/2007,B,WMT,35000,0.285,29.95,10004.95,4/06/2007,Confirmed
25323733,N27175814,30/05/2007,S,JMS,54000,0.185,29.95,9960.05,4/06/2007,Confirmed
25335956,N27086914,30/05/2007,B,DYL,19000,0.525,29.95,10004.95,4/06/2007,Confirmed
25333693,N27150893,30/05/2007,B,RMI,104554,0.055,0,5750.47,4/06/2007,Confirmed
25325987,N27085808,30/05/2007,B,RMG,370000,0.027,29.95,10019.95,4/06/2007,Confirmed
25292136,N27132053,29/05/2007,S,AEX,200000,0.049,29.95,9770.05,1/06/2007,Confirmed
25293208,N27139913,29/05/2007,S,BLR,35000,0.275,29.95,9595.05,1/06/2007,Confirmed
25296379,N27132501,29/05/2007,S,WMT,32000,0.295,29.95,9410.05,1/06/2007,Confirmed
25308881,N27158323,29/05/2007,B,BLR,40000,0.245,29.95,9829.95,1/06/2007,Confirmed
25297701,N27143737,29/05/2007,S,BLR,38000,0.265,31.22,10038.78,1/06/2007,Confirmed
25296012,N27143442,29/05/2007,B,BLR,38000,0.26,29.95,9909.95,1/06/2007,Confirmed
25294944,N27084078,29/05/2007,B,INL,57000,0.175,29.95,10004.95,1/06/2007,Confirmed
25304936,N27153975,29/05/2007,B,BLR,38000,0.26,29.95,9909.95,1/06/2007,Confirmed
25301526,N27089109,29/05/2007,B,JMS,54000,0.185,29.95,10019.95,1/06/2007,Confirmed
25313135,N27150893,29/05/2007,B,RMI,75446,0.055,29.95,4179.48,1/06/2007,Confirmed
25292186,N27140163,29/05/2007,S,APG,74000,0.135,29.95,9960.05,1/06/2007,Confirmed
25276521,N27120799,28/05/2007,B,WGP,55000,0.18,29.95,9929.95,31/05/2007,Confirmed
25279933,N27124314,28/05/2007,B,APG,74000,0.135,29.95,10019.95,31/05/2007,Confirmed
25285767,N27083382,28/05/2007,B,RMI,170000,0.058,29.95,9889.95,31/05/2007,Confirmed
25275609,N26941029,28/05/2007,S,APG,71000,0.135,29.95,9555.05,31/05/2007,Confirmed
25276802,N27120296,28/05/2007,S,AEX,215000,0.049,32.66,10502.34,31/05/2007,Confirmed
25285776,N27122933,28/05/2007,B,WMT,32000,0.31,29.95,9949.95,31/05/2007,Confirmed
25288971,N27134601,28/05/2007,B,BLR,35000,0.28,29.95,9829.95,31/05/2007,Confirmed
25278941,N27123195,28/05/2007,B,AEX,200000,0.049,29.95,9829.95,31/05/2007,Confirmed
25285069,N27121981,28/05/2007,S,BLR,35000,0.285,29.95,9945.05,31/05/2007,Confirmed
25276912,N27121287,28/05/2007,S,WMT,32000,0.315,31.25,10048.75,31/05/2007,Confirmed
25242652,N27079727,25/05/2007,B,BLR,35000,0.28,29.95,9829.95,30/05/2007,Confirmed
25250626,N27086480,25/05/2007,B,AEX,215000,0.046,29.95,9919.95,30/05/2007,Confirmed
25247841,N27085397,25/05/2007,B,WMT,32000,0.31,29.95,9949.95,30/05/2007,Confirmed
25249336,N27084985,25/05/2007,B,APG,71000,0.14,29.95,9969.95,30/05/2007,Confirmed
25222720,N27039723,24/05/2007,S,RMG,315000,0.032,31.25,10048.75,29/05/2007,Confirmed
25215781,N27050575,24/05/2007,S,WGP,50000,0.185,29.95,9220.05,29/05/2007,Confirmed
25228985,N27063053,24/05/2007,S,JMS,50000,0.205,31.77,10218.23,29/05/2007,Confirmed
25229473,N27059599,24/05/2007,S,INL,54000,0.18,29.95,9690.05,29/05/2007,Confirmed
25223728,N27059507,24/05/2007,B,INL,54000,0.185,29.95,10019.95,29/05/2007,Confirmed
25226699,N26923689,24/05/2007,B,JMS,49281,0.195,0,9609.8,29/05/2007,Confirmed
25215066,N27049785,24/05/2007,B,WGP,50000,0.195,29.95,9779.95,29/05/2007,Confirmed
25222568,N26877713,24/05/2007,S,WMT,31000,0.3,29.95,9270.05,29/05/2007,Confirmed
25212046,N27026957,24/05/2007,S,AEX,210000,0.049,31.9,10258.1,29/05/2007,Confirmed
25186575,N27018405,23/05/2007,S,AEX,200000,0.049,29.95,9770.05,28/05/2007,Confirmed
25194686,N27026794,23/05/2007,B,WMT,31000,0.32,29.95,9949.95,28/05/2007,Confirmed
