Confirmation Number, Order Number, Trade Date, Buy / Sell, Stock Code, Units, Average Price, Brokerage, Net Proceeds, Settlement Date, Contract Status
48528640,Unk-48528640,19/01/2011,B,MNM,20000,.205000,29.950000,4129.950000,24/01/2011,Confirmed
48528375,Unk-48528375,19/01/2011,S,RER,210000,.021000,29.950000,4380.050000,24/01/2011,Confirmed
48489344,Unk-48489344,18/01/2011,B,RER,210000,.024000,29.950000,5069.950000,21/01/2011,Confirmed
48487356,Unk-48487356,18/01/2011,S,CEO,120000,.043000,29.950000,5130.050000,21/01/2011,Confirmed
48287640,Unk-48287640,05/01/2011,B,CEO,120000,.030000,29.950000,3629.950000,10/01/2011,Confirmed
48286838,Unk-48286838,05/01/2011,S,CEO,150000,.030000,29.950000,4470.050000,10/01/2011,Confirmed
48244625,Unk-48244625,04/01/2011,B,CEO,150000,.032000,29.950000,4829.950000,07/01/2011,Confirmed
48239052,Unk-48239052,04/01/2011,S,PGM,10000,.468000,29.950000,4650.050000,07/01/2011,Confirmed
48235985,Unk-48235985,04/01/2011,B,PGM,10000,.450000,29.950000,4529.950000,07/01/2011,Confirmed
48152549,Unk-48152549,23/12/2010,S,PEK,10000,.500000,29.950000,4970.050000,30/12/2010,Confirmed
48128134,Unk-48128134,22/12/2010,B,PEK,10000,.520000,29.950000,5229.950000,29/12/2010,Confirmed
48070278,Unk-48070278,17/12/2010,S,GBZ,30000,.148233,29.950000,4417.050000,22/12/2010,Confirmed
48068061,Unk-48068061,17/12/2010,B,GBZ,30000,.165000,29.950000,4979.950000,22/12/2010,Confirmed
48066258,Unk-48066258,17/12/2010,S,RER,220000,.019000,29.950000,4150.050000,22/12/2010,Confirmed
48064010,Unk-48064010,17/12/2010,B,RER,220000,.022000,29.950000,4869.950000,22/12/2010,Confirmed
48062073,Unk-48062073,17/12/2010,S,QMN,30000,.170768,29.950000,5093.080000,22/12/2010,Confirmed
48059541,Unk-48059541,17/12/2010,B,QMN,30000,.170000,29.950000,5129.950000,22/12/2010,Confirmed
48040630,Unk-48040630,16/12/2010,S,LEG,120000,.046000,29.950000,5490.050000,21/12/2010,Confirmed
48040067,Unk-48040067,16/12/2010,B,LEG,120000,.041000,29.950000,4949.950000,21/12/2010,Confirmed
47690395,Unk-47690395,24/11/2010,S,SDL,14000,.370000,29.950000,5150.050000,29/11/2010,Confirmed
47690385,Unk-47690385,24/11/2010,B,RXLOA,70000,.046000,29.950000,3249.950000,29/11/2010,Confirmed
47657851,Unk-47657851,23/11/2010,B,SDL,14000,.345000,29.950000,4859.950000,26/11/2010,Confirmed
47642640,Unk-47642640,22/11/2010,S,SDL,14000,.345000,29.950000,4800.050000,25/11/2010,Confirmed
47639056,Unk-47639056,22/11/2010,B,SDL,14000,.355000,29.950000,4999.950000,25/11/2010,Confirmed
47633459,Unk-47633459,22/11/2010,S,JMS,6000,.470000,29.950000,2790.050000,25/11/2010,Confirmed
47436035,Unk-47436035,10/11/2010,S,SDL,18000,.325000,29.950000,5820.050000,15/11/2010,Confirmed
47424904,Unk-47424904,10/11/2010,B,SDL,18000,.330000,29.950000,5969.950000,15/11/2010,Confirmed
47148723,Unk-47148723,27/10/2010,B,RXLOA,120000,.078708,29.950000,9474.950000,01/11/2010,Confirmed
47143411,Unk-47143411,26/10/2010,S,OVR,30000,.355000,33.010000,10616.990000,29/10/2010,Confirmed
47136673,Unk-47136673,26/10/2010,B,OVR,30000,.330000,29.950000,9929.950000,29/10/2010,Confirmed
47118243,Unk-47118243,25/10/2010,S,RLC,46000,.185000,29.950000,8480.050000,28/10/2010,Confirmed
47106866,Unk-47106866,25/10/2010,B,RLC,46000,.215000,29.950000,9919.950000,28/10/2010,Confirmed
47061971,Unk-47061971,21/10/2010,S,CCCO,190000,.051000,29.950000,9660.050000,26/10/2010,Confirmed
47043966,Unk-47043966,21/10/2010,S,PEK,18000,.560000,31.250000,10048.750000,26/10/2010,Confirmed
47040152,Unk-47040152,21/10/2010,B,CCCO,190000,.050000,29.950000,9529.950000,26/10/2010,Confirmed
47027972,Unk-47027972,20/10/2010,B,PEK,18000,.555000,29.950000,10019.950000,25/10/2010,Confirmed
47023207,Unk-47023207,20/10/2010,S,AVBOB,90000,.110000,29.950000,9870.050000,25/10/2010,Confirmed
47015194,Unk-47015194,20/10/2010,B,AVBOB,90000,.110000,29.950000,9929.950000,25/10/2010,Confirmed
47005526,Unk-47005526,19/10/2010,S,CCCO,200000,.048000,29.950000,9570.050000,22/10/2010,Confirmed
46988556,Unk-46988556,19/10/2010,B,CCCO,200000,.047000,29.950000,9429.950000,22/10/2010,Confirmed
46895437,Unk-46895437,13/10/2010,B,CCCO,140000,.049000,29.950000,6889.950000,18/10/2010,Confirmed
46895195,Unk-46895195,13/10/2010,S,CCC,90000,.078000,29.950000,6990.050000,18/10/2010,Confirmed
46884942,Unk-46884942,13/10/2010,B,CCC,90000,.072000,29.950000,6509.950000,18/10/2010,Confirmed
46878258,Unk-46878258,12/10/2010,S,AVBOB,45000,.150000,29.950000,6720.050000,15/10/2010,Confirmed
46868682,Unk-46868682,12/10/2010,B,AVBOB,45000,.155000,29.950000,7004.950000,15/10/2010,Confirmed
46867326,Unk-46867326,12/10/2010,S,OBL,140000,.051000,29.950000,7110.050000,15/10/2010,Confirmed
46866662,Unk-46866662,12/10/2010,B,OBL,140000,.052000,29.950000,7309.950000,15/10/2010,Confirmed
46859733,Unk-46859733,12/10/2010,S,PEK,11000,.670000,29.950000,7340.050000,15/10/2010,Confirmed
46723454,Unk-46723454,04/10/2010,B,PEK,11000,.585000,29.950000,6464.950000,07/10/2010,Confirmed
46718860,Unk-46718860,04/10/2010,S,PEK,11000,.595000,29.950000,6515.050000,07/10/2010,Confirmed
46715455,Unk-46715455,04/10/2010,B,PEK,11000,.535000,29.950000,5914.950000,07/10/2010,Confirmed
46712796,Unk-46712796,04/10/2010,S,JPR,150000,.039000,29.950000,5820.050000,07/10/2010,Confirmed
46705385,Unk-46705385,01/10/2010,B,JPR,150000,.041000,29.950000,6179.950000,07/10/2010,Confirmed
46703788,Unk-46703788,01/10/2010,S,AVBOB,65000,.091000,29.950000,5885.050000,07/10/2010,Confirmed
46701281,Unk-46701281,01/10/2010,B,AVBOB,65000,.078000,29.950000,5099.950000,07/10/2010,Confirmed
46695807,Unk-46695807,01/10/2010,S,JPR,140000,.038000,29.950000,5290.050000,07/10/2010,Confirmed
46689224,Unk-46689224,01/10/2010,B,JPR,140000,.035000,29.950000,4929.950000,07/10/2010,Confirmed
46684578,Unk-46684578,30/09/2010,S,SDL,30000,.250000,29.950000,7470.050000,06/10/2010,Confirmed
46603832,Unk-46603832,27/09/2010,B,SDL,30000,.235000,29.950000,7079.950000,30/09/2010,Confirmed
42655637,Unk-42655637,29/01/2010,S,FML,140000,.068000,29.950000,9490.050000,03/02/2010,Confirmed
42601272,Unk-42601272,27/01/2010,B,FML,140000,.066000,29.950000,9269.950000,01/02/2010,Confirmed
42337150,Unk-42337150,13/01/2010,S,GSE,100000,.066000,29.950000,6570.050000,18/01/2010,Confirmed
41101139,Unk-41101139,02/11/2009,S,CTPO,20000,.080000,29.950000,1570.050000,06/11/2009,Confirmed
41101032,Unk-41101032,02/11/2009,S,CTP,40000,.135000,29.950000,5370.050000,06/11/2009,Confirmed
40354580,Unk-40354580,01/10/2009,S,CTP,40000,.210000,29.950000,8370.050000,07/10/2009,Confirmed
38650504,Unk-38650504,22/07/2009,B,MLSOA,200000,.006000,29.950000,1229.950000,27/07/2009,Confirmed
37631254,Unk-37631254,01/06/2009,B,MLSOA,200000,.010000,29.950000,2029.950000,04/06/2009,Confirmed
37595852,Unk-37595852,28/05/2009,S,WCUO,20000,.140000,29.950000,2770.050000,02/06/2009,Confirmed
37539967,Unk-37539967,26/05/2009,B,WCUO,20000,.105000,29.950000,2129.950000,29/05/2009,Confirmed
37538315,Unk-37538315,26/05/2009,S,GDNO,1120000,.002000,29.950000,2210.050000,29/05/2009,Confirmed
37381817,Unk-37381817,15/05/2009,B,GDNO,270000,.037000,29.950000,10019.950000,20/05/2009,Confirmed
37217477,Unk-37217477,08/05/2009,S,WCUO,95000,.105632,31.110000,10003.890000,13/05/2009,Confirmed
37214220,Unk-37214220,08/05/2009,B,WCUO,95000,.105000,29.950000,10004.950000,13/05/2009,Confirmed
37197472,Unk-37197472,07/05/2009,S,GDNO,240000,.037000,29.950000,8850.050000,12/05/2009,Confirmed
37161059,Unk-37161059,06/05/2009,B,GDNO,240000,.040000,29.950000,9629.950000,11/05/2009,Confirmed
37153336,Unk-37153336,06/05/2009,S,INL,300000,.018000,29.950000,5370.050000,11/05/2009,Confirmed
37148699,Unk-37148699,06/05/2009,B,INL,300000,.020000,29.950000,6029.950000,11/05/2009,Confirmed
37070566,Unk-37070566,01/05/2009,B,GDNO,210000,.032000,29.950000,6749.950000,06/05/2009,Confirmed
37065735,Unk-37065735,01/05/2009,B,GDNO,120000,.031000,29.950000,3749.950000,06/05/2009,Confirmed
36810751,Unk-36810751,17/04/2009,S,INL,250000,.021000,29.950000,5220.050000,22/04/2009,Confirmed
36789888,Unk-36789888,16/04/2009,B,INL,250000,.020000,29.950000,5029.950000,21/04/2009,Confirmed
36743989,Unk-36743989,14/04/2009,B,CTP,40000,.135000,29.950000,5429.950000,17/04/2009,Confirmed
36741284,Unk-36741284,14/04/2009,B,GDNO,70000,.036000,29.950000,2549.950000,17/04/2009,Confirmed
36724301,Unk-36724301,09/04/2009,S,GDNO,200000,.040000,29.950000,7970.050000,16/04/2009,Confirmed
36531111,Unk-36531111,30/03/2009,B,GDNO,300000,.010000,29.950000,3029.950000,02/04/2009,Confirmed
36473348,Unk-36473348,26/03/2009,S,INL,100000,.022000,29.950000,2170.050000,31/03/2009,Confirmed
36468509,Unk-36468509,26/03/2009,B,INL,100000,.024000,29.950000,2429.950000,31/03/2009,Confirmed
36440697,Unk-36440697,24/03/2009,S,GDNO,550000,.008000,29.950000,4370.050000,27/03/2009,Confirmed
36402061,Unk-36402061,23/03/2009,B,GDNO,550000,.009000,29.950000,4979.950000,26/03/2009,Confirmed
36304266,Unk-36304266,17/03/2009,B,GDNO,250000,.008000,29.950000,2029.950000,20/03/2009,Confirmed
36182709,Unk-36182709,06/03/2009,B,GDNO,100000,.005000,29.950000,529.950000,12/03/2009,Confirmed
36097770,Unk-36097770,02/03/2009,B,GOLD,34,146.600000,29.950000,5014.350000,05/03/2009,Confirmed
36078838,Unk-36078838,27/02/2009,S,OZL,7500,.605000,29.950000,4507.550000,04/03/2009,Confirmed
36071641,Unk-36071641,27/02/2009,B,OZL,7500,.635000,29.950000,4792.450000,04/03/2009,Confirmed
27457727,Unk-27457727,19/09/2007,S,THX,28000,.360000,31.250000,10048.750000,24/09/2007,Confirmed
27455557,Unk-27455557,19/09/2007,S,BLR,64000,.155000,29.950000,9890.050000,24/09/2007,Confirmed
27434582,Unk-27434582,18/09/2007,B,THX,28000,.355000,29.950000,9969.950000,21/09/2007,Confirmed
27393081,Unk-27393081,14/09/2007,S,BLR,64000,.150000,29.950000,9570.050000,19/09/2007,Confirmed
27389761,Unk-27389761,14/09/2007,B,BLR,64000,.155000,29.950000,9949.950000,19/09/2007,Confirmed
27389333,Unk-27389333,14/09/2007,B,BLR,64000,.155000,29.950000,9949.950000,19/09/2007,Confirmed
27365563,Unk-27365563,12/09/2007,S,AEX,320000,.029000,29.950000,9250.050000,17/09/2007,Confirmed
27365463,Unk-27365463,12/09/2007,S,APG,10000,.105000,29.950000,1020.050000,17/09/2007,Confirmed
27363789,Unk-27363789,12/09/2007,S,GDN,39000,.250000,29.950000,9720.050000,17/09/2007,Confirmed
27357530,Unk-27357530,12/09/2007,B,GDN,39000,.255000,29.950000,9974.950000,17/09/2007,Confirmed
27348232,Unk-27348232,12/09/2007,B,AEX,320000,.030000,29.950000,9629.950000,17/09/2007,Confirmed
27334860,Unk-27334860,11/09/2007,S,GDN,35000,.270000,29.950000,9420.050000,14/09/2007,Confirmed
27332445,Unk-27332445,11/09/2007,B,GDN,35000,.285000,29.950000,10004.950000,14/09/2007,Confirmed
27295707,Unk-27295707,07/09/2007,S,GDN,36000,.280000,31.250000,10048.750000,12/09/2007,Confirmed
27295205,Unk-27295205,07/09/2007,B,GDN,35000,.285000,29.950000,10004.950000,12/09/2007,Confirmed
27237583,Unk-27237583,04/09/2007,S,WMT,54000,.195000,32.640000,10497.360000,10/09/2007,Confirmed
27228100,Unk-27228100,04/09/2007,B,WMT,54000,.185000,29.950000,10019.950000,10/09/2007,Confirmed
26860637,Unk-26860637,16/08/2007,S,GGY,150000,.110000,51.150000,16448.850000,21/08/2007,Confirmed
26855109,Unk-26855109,16/08/2007,S,JMS,51000,.195490,29.950000,9940.050000,21/08/2007,Confirmed
26849946,Unk-26849946,16/08/2007,S,WMT,79000,.140000,34.290000,11025.710000,21/08/2007,Confirmed
26847186,Unk-26847186,16/08/2007,S,BLRO,55500,.092180,29.950000,5086.050000,21/08/2007,Confirmed
26846585,Unk-26846585,16/08/2007,S,BLR,93000,.120000,34.600000,11125.400000,21/08/2007,Confirmed
26844841,Unk-26844841,16/08/2007,S,RMI,130000,.049000,29.950000,6340.050000,21/08/2007,Confirmed
26844544,Unk-26844544,16/08/2007,S,MLS,51000,.058000,.000000,2958.000000,21/08/2007,Confirmed
26839597,Unk-26839597,16/08/2007,S,APG,134000,.100000,41.540000,13358.460000,21/08/2007,Confirmed
26834979,Unk-26834979,15/08/2007,S,WMT,49500,.155000,29.950000,7642.550000,20/08/2007,Confirmed
26831190,Unk-26831190,15/08/2007,S,YML,16927,.460000,.000000,7786.420000,20/08/2007,Confirmed
26807960,Unk-26807960,15/08/2007,S,RMG,925000,.020000,57.340000,18442.660000,20/08/2007,Confirmed
26772691,Unk-26772691,14/08/2007,S,JMS,41000,.245000,31.140000,10013.860000,17/08/2007,Confirmed
26768301,Unk-26768301,13/08/2007,S,MLS,89000,.074000,29.950000,6556.050000,16/08/2007,Confirmed
26766604,Unk-26766604,13/08/2007,B,BLR,49000,.195000,29.950000,9584.950000,16/08/2007,Confirmed
26757945,Unk-26757945,13/08/2007,S,CUL,90000,.100000,29.950000,8970.050000,16/08/2007,Confirmed
26757161,Unk-26757161,13/08/2007,B,BLRO,55500,.180000,29.950000,10019.950000,16/08/2007,Confirmed
26757028,Unk-26757028,13/08/2007,B,RMI,130000,.076000,29.950000,9909.950000,16/08/2007,Confirmed
26756954,Unk-26756954,13/08/2007,B,JMS,41000,.240000,29.950000,9869.950000,16/08/2007,Confirmed
26756844,Unk-26756844,13/08/2007,B,RMG,475000,.021000,29.950000,10004.950000,16/08/2007,Confirmed
26756345,Unk-26756345,13/08/2007,B,BLR,44000,.225000,29.950000,9929.950000,16/08/2007,Confirmed
26755332,Unk-26755332,13/08/2007,B,MLS,140000,.071000,29.950000,9969.950000,16/08/2007,Confirmed
26753943,Unk-26753943,13/08/2007,B,WMT,49500,.200000,29.950000,9929.950000,16/08/2007,Confirmed
26753724,Unk-26753724,13/08/2007,B,GGY,79000,.125000,29.950000,9904.950000,16/08/2007,Confirmed
26747378,Unk-26747378,13/08/2007,B,CUL,90000,.110000,29.950000,9929.950000,16/08/2007,Confirmed
26702885,Unk-26702885,10/08/2007,S,AEX,275000,.037000,31.540000,10143.460000,15/08/2007,Confirmed
26701221,Unk-26701221,09/08/2007,S,YML,73,.585000,29.950000,12.760000,14/08/2007,Confirmed
26688345,Unk-26688345,09/08/2007,S,AGM,15000,.655000,29.950000,9795.050000,14/08/2007,Confirmed
26688008,Unk-26688008,09/08/2007,S,MLS,125000,.076000,29.950000,9470.050000,14/08/2007,Confirmed
26678614,Unk-26678614,09/08/2007,B,GGY,71000,.140000,29.950000,9969.950000,14/08/2007,Confirmed
26662914,Unk-26662914,08/08/2007,S,RMI,135000,.077000,32.220000,10362.780000,13/08/2007,Confirmed
26653096,Unk-26653096,07/08/2007,S,GGY,71000,.140000,29.950000,9910.050000,10/08/2007,Confirmed
26649835,Unk-26649835,07/08/2007,B,RMI,135000,.074000,29.950000,10019.950000,10/08/2007,Confirmed
26647403,Unk-26647403,07/08/2007,B,AGM,15000,.655000,29.950000,9854.950000,10/08/2007,Confirmed
26645686,Unk-26645686,07/08/2007,S,INL,71000,.140000,29.950000,9910.050000,10/08/2007,Confirmed
26642574,Unk-26642574,07/08/2007,S,WMT,52000,.205000,33.040000,10626.960000,10/08/2007,Confirmed
26638055,Unk-26638055,07/08/2007,B,MLS,125000,.075000,29.950000,9404.950000,10/08/2007,Confirmed
26627632,Unk-26627632,06/08/2007,S,RMI,12400,.074000,2.160000,915.440000,09/08/2007,Confirmed
26627422,Unk-26627422,06/08/2007,S,RMI,127600,.074000,29.950000,9412.450000,09/08/2007,Confirmed
26624762,Unk-26624762,06/08/2007,B,AEX,275000,.036000,29.950000,9929.950000,09/08/2007,Confirmed
26624001,Unk-26624001,06/08/2007,B,GGY,71000,.140000,29.950000,9969.950000,09/08/2007,Confirmed
26622426,Unk-26622426,06/08/2007,B,RMG,450000,.022000,29.950000,9929.950000,09/08/2007,Confirmed
26617003,Unk-26617003,06/08/2007,B,INL,71000,.140000,29.950000,9969.950000,09/08/2007,Confirmed
26614439,Unk-26614439,06/08/2007,B,RMI,140000,.071000,29.950000,9969.950000,09/08/2007,Confirmed
26613965,Unk-26613965,06/08/2007,S,GGY,68000,.150000,31.610000,10168.390000,09/08/2007,Confirmed
26611444,Unk-26611444,06/08/2007,B,WMT,52000,.190000,29.950000,9909.950000,09/08/2007,Confirmed
26607563,Unk-26607563,06/08/2007,B,GGY,68000,.145000,29.950000,9889.950000,09/08/2007,Confirmed
26603213,Unk-26603213,06/08/2007,S,SRI,86000,.105000,29.950000,9000.050000,09/08/2007,Confirmed
26600617,Unk-26600617,06/08/2007,S,GGY,66000,.145000,29.950000,9540.050000,09/08/2007,Confirmed
26594028,Unk-26594028,03/08/2007,B,GGY,66000,.150000,29.950000,9929.950000,09/08/2007,Confirmed
26590702,Unk-26590702,03/08/2007,S,BLR,54000,.180000,29.950000,9690.050000,09/08/2007,Confirmed
26588632,Unk-26588632,03/08/2007,S,RMI,106000,.088000,29.950000,9298.050000,09/08/2007,Confirmed
26583763,Unk-26583763,03/08/2007,B,RMI,106000,.094000,29.950000,9993.950000,09/08/2007,Confirmed
26582540,Unk-26582540,03/08/2007,B,YML,17000,.580000,29.950000,9889.950000,09/08/2007,Confirmed
26573734,Unk-26573734,03/08/2007,B,BLR,54000,.185000,29.950000,10019.950000,09/08/2007,Confirmed
26569602,Unk-26569602,02/08/2007,S,RMI,106000,.096000,31.550000,10144.450000,08/08/2007,Confirmed
26569021,Unk-26569021,02/08/2007,S,MLS,129000,.077000,29.950000,9903.050000,08/08/2007,Confirmed
26564118,Unk-26564118,02/08/2007,S,WMT,49000,.195000,29.950000,9525.050000,08/08/2007,Confirmed
26563447,Unk-26563447,02/08/2007,B,MLS,129000,.077000,29.950000,9962.950000,08/08/2007,Confirmed
26562423,Unk-26562423,02/08/2007,B,RMI,106000,.094000,29.950000,9993.950000,08/08/2007,Confirmed
26560747,Unk-26560747,02/08/2007,S,CUL,66000,.140000,29.950000,9210.050000,08/08/2007,Confirmed
26559754,Unk-26559754,02/08/2007,S,BLR,54000,.185000,29.950000,9960.050000,08/08/2007,Confirmed
26558801,Unk-26558801,02/08/2007,S,AEX,240000,.039000,29.950000,9330.050000,08/08/2007,Confirmed
26557469,Unk-26557469,02/08/2007,S,APG,86000,.115000,29.950000,9860.050000,08/08/2007,Confirmed
26557402,Unk-26557402,02/08/2007,B,WMT,49000,.200000,29.950000,9829.950000,08/08/2007,Confirmed
26550434,Unk-26550434,02/08/2007,B,SRI,86000,.115000,29.950000,9919.950000,08/08/2007,Confirmed
26548637,Unk-26548637,02/08/2007,S,RMI,95000,.100000,29.950000,9470.050000,08/08/2007,Confirmed
26542297,Unk-26542297,02/08/2007,B,APG,86000,.115000,29.950000,9919.950000,08/08/2007,Confirmed
26541540,Unk-26541540,02/08/2007,B,RMI,95000,.105000,29.950000,10004.950000,08/08/2007,Confirmed
26538078,Unk-26538078,02/08/2007,B,CUL,66000,.150000,29.950000,9929.950000,08/08/2007,Confirmed
26537748,Unk-26537748,02/08/2007,B,BLR,54000,.185000,29.950000,10019.950000,08/08/2007,Confirmed
26537540,Unk-26537540,02/08/2007,B,AEX,240000,.039000,29.950000,9389.950000,08/08/2007,Confirmed
26523358,Unk-26523358,01/08/2007,S,AEX,238000,.039000,29.950000,9252.050000,07/08/2007,Confirmed
26519905,Unk-26519905,01/08/2007,S,BLR,93000,.190000,54.770000,17615.230000,07/08/2007,Confirmed
26505945,Unk-26505945,01/08/2007,S,MLSOA,160000,.055025,29.950000,8774.100000,07/08/2007,Confirmed
26503814,Unk-26503814,01/08/2007,S,APG,83000,.115000,29.950000,9515.050000,07/08/2007,Confirmed
26501843,Unk-26501843,01/08/2007,S,WGP,60000,.155000,29.950000,9270.050000,07/08/2007,Confirmed
26501763,Unk-26501763,01/08/2007,S,RMI,204000,.100000,63.240000,20336.760000,07/08/2007,Confirmed
26456450,Unk-26456450,30/07/2007,B,APG,83000,.120000,29.950000,9989.950000,02/08/2007,Confirmed
26449481,Unk-26449481,30/07/2007,B,BLR,49000,.200000,29.950000,9829.950000,02/08/2007,Confirmed
26448426,Unk-26448426,30/07/2007,S,WMT,43000,.230000,29.950000,9860.050000,02/08/2007,Confirmed
26428208,Unk-26428208,27/07/2007,B,WMT,43000,.230000,29.950000,9919.950000,01/08/2007,Confirmed
26416802,Unk-26416802,27/07/2007,S,CUL,114000,.175000,61.840000,19888.160000,01/08/2007,Confirmed
26416757,Unk-26416757,27/07/2007,S,MLS,116000,.089000,32.000000,10292.000000,01/08/2007,Confirmed
26409087,Unk-26409087,27/07/2007,B,RMI,74000,.135000,29.950000,10019.950000,01/08/2007,Confirmed
26405678,Unk-26405678,27/07/2007,B,CUL,60000,.165000,29.950000,9929.950000,01/08/2007,Confirmed
26405487,Unk-26405487,27/07/2007,B,MLS,116000,.086000,29.950000,10005.950000,01/08/2007,Confirmed
26400867,Unk-26400867,27/07/2007,B,AEX,238000,.042000,29.950000,10025.950000,01/08/2007,Confirmed
26391661,Unk-26391661,27/07/2007,S,JMS,38000,.260000,29.950000,9850.050000,01/08/2007,Confirmed
26383542,Unk-26383542,26/07/2007,B,RMI,68000,.145000,29.950000,9889.950000,31/07/2007,Confirmed
26377775,Unk-26377775,26/07/2007,S,CBH,15000,.655000,29.950000,9795.050000,31/07/2007,Confirmed
26375393,Unk-26375393,26/07/2007,B,RMI,64000,.155000,29.950000,9949.950000,31/07/2007,Confirmed
26375095,Unk-26375095,26/07/2007,B,CUL,54000,.185000,29.950000,10019.950000,31/07/2007,Confirmed
26370308,Unk-26370308,26/07/2007,B,APG,74000,.140000,32.110000,10392.110000,31/07/2007,Confirmed
26368616,Unk-26368616,26/07/2007,S,SRI,74000,.135000,29.950000,9960.050000,31/07/2007,Confirmed
26363846,Unk-26363846,26/07/2007,B,MLSOA,160000,.061000,29.950000,9789.950000,31/07/2007,Confirmed
26363824,Unk-26363824,26/07/2007,B,CBH,15000,.655000,29.950000,9854.950000,31/07/2007,Confirmed
26362859,Unk-26362859,26/07/2007,B,BLR,44000,.225000,29.950000,9929.950000,31/07/2007,Confirmed
26361997,Unk-26361997,26/07/2007,S,RMI,71000,.140000,29.950000,9910.050000,31/07/2007,Confirmed
26361819,Unk-26361819,26/07/2007,S,CUL,114000,.175000,61.840000,19888.160000,31/07/2007,Confirmed
26352969,Unk-26352969,25/07/2007,S,BLR,44000,.225000,29.950000,9870.050000,30/07/2007,Confirmed
26351958,Unk-26351958,25/07/2007,B,RMI,74000,.135000,29.950000,10019.950000,30/07/2007,Confirmed
26350882,Unk-26350882,25/07/2007,B,CUL,64000,.155000,29.950000,9949.950000,30/07/2007,Confirmed
26346606,Unk-26346606,25/07/2007,B,BLR,44000,.225000,29.950000,9929.950000,30/07/2007,Confirmed
26343126,Unk-26343126,25/07/2007,B,SRI,74000,.135000,29.950000,10019.950000,30/07/2007,Confirmed
26335057,Unk-26335057,25/07/2007,S,TEX,49500,.215000,32.990000,10609.510000,30/07/2007,Confirmed
26329576,Unk-26329576,25/07/2007,B,CUL,74000,.135000,29.950000,10019.950000,30/07/2007,Confirmed
26329169,Unk-26329169,25/07/2007,S,CBH,15000,.640000,29.950000,9570.050000,30/07/2007,Confirmed
26328392,Unk-26328392,25/07/2007,S,AGM,12500,.770000,29.950000,9595.050000,30/07/2007,Confirmed
26324744,Unk-26324744,24/07/2007,B,CBH,15000,.650000,29.950000,9779.950000,27/07/2007,Confirmed
26324634,Unk-26324634,24/07/2007,B,AGM,12500,.790000,29.950000,9904.950000,27/07/2007,Confirmed
26318584,Unk-26318584,24/07/2007,S,CUL,70000,.145000,31.460000,10118.540000,27/07/2007,Confirmed
26318456,Unk-26318456,24/07/2007,S,MLS,110000,.092000,31.370000,10088.630000,27/07/2007,Confirmed
26316678,Unk-26316678,24/07/2007,B,TEX,49500,.200000,29.950000,9929.950000,27/07/2007,Confirmed
26315369,Unk-26315369,24/07/2007,B,CUL,70000,.140000,29.950000,9829.950000,27/07/2007,Confirmed
26307719,Unk-26307719,24/07/2007,S,CBH,15000,.665000,29.950000,9945.050000,27/07/2007,Confirmed
26301204,Unk-26301204,24/07/2007,B,CBH,15000,.655000,29.950000,9854.950000,27/07/2007,Confirmed
26295467,Unk-26295467,23/07/2007,B,MLS,110000,.090000,29.950000,9929.950000,26/07/2007,Confirmed
26284041,Unk-26284041,23/07/2007,S,AGM,12000,.805000,29.950000,9630.050000,26/07/2007,Confirmed
26283468,Unk-26283468,23/07/2007,S,JMS,35000,.275000,29.950000,9595.050000,26/07/2007,Confirmed
26282067,Unk-26282067,23/07/2007,B,JMS,35000,.280000,29.950000,9829.950000,26/07/2007,Confirmed
26276843,Unk-26276843,23/07/2007,B,AGM,12000,.820000,29.950000,9869.950000,26/07/2007,Confirmed
25750051,Unk-25750051,22/06/2007,S,YML,25000,.400000,31.000000,9969.000000,27/06/2007,Confirmed
25741397,Unk-25741397,22/06/2007,S,AEX,190000,.053000,31.220000,10038.780000,27/06/2007,Confirmed
25741356,Unk-25741356,22/06/2007,S,MLS,105000,.096000,31.250000,10048.750000,27/06/2007,Confirmed
25739732,Unk-25739732,22/06/2007,B,AEX,190000,.052000,29.950000,9909.950000,27/06/2007,Confirmed
25739019,Unk-25739019,22/06/2007,B,MLS,105000,.095000,29.950000,10004.950000,27/06/2007,Confirmed
25738368,Unk-25738368,22/06/2007,B,YML,25000,.394819,29.950000,9900.440000,27/06/2007,Confirmed
25734581,Unk-25734581,22/06/2007,S,RMI,56135,.059000,.000000,3311.970000,27/06/2007,Confirmed
25731403,Unk-25731403,21/06/2007,S,RMI,108865,.060993,29.950000,6610.090000,26/06/2007,Confirmed
25716475,Unk-25716475,21/06/2007,B,RMI,165000,.060000,29.950000,9929.950000,26/06/2007,Confirmed
25665165,Unk-25665165,19/06/2007,S,WGP,55000,.159780,29.950000,8757.980000,22/06/2007,Confirmed
25645187,Unk-25645187,18/06/2007,S,GDNO,138500,.121627,52.220000,16793.130000,21/06/2007,Confirmed
25626875,Unk-25626875,18/06/2007,S,GDNO,80000,.128125,31.770000,10218.230000,21/06/2007,Confirmed
25615108,Unk-25615108,15/06/2007,S,APG,71000,.125000,29.950000,8845.050000,20/06/2007,Confirmed
25604929,Unk-25604929,15/06/2007,S,RMI,109138,.062000,.000000,6766.560000,20/06/2007,Confirmed
25599228,Unk-25599228,14/06/2007,S,RMI,50862,.062000,29.950000,3123.490000,19/06/2007,Confirmed
25597567,Unk-25597567,14/06/2007,S,BLR,78000,.225000,54.410000,17495.590000,19/06/2007,Confirmed
25592315,Unk-25592315,14/06/2007,S,GTE,27000,.355000,29.950000,9555.050000,19/06/2007,Confirmed
25588561,Unk-25588561,14/06/2007,S,WMT,31000,.275000,29.950000,8495.050000,19/06/2007,Confirmed
25577619,Unk-25577619,14/06/2007,S,DYL,34600,.575000,61.670000,19833.330000,19/06/2007,Confirmed
25543853,Unk-25543853,12/06/2007,S,AGS,5350,1.889673,31.340000,10078.410000,15/06/2007,Confirmed
25536583,Unk-25536583,12/06/2007,B,GDNO,110000,.091636,31.250000,10111.250000,15/06/2007,Confirmed
25536580,Unk-25536580,12/06/2007,B,GTE,27000,.368141,29.950000,9969.760000,15/06/2007,Confirmed
25535864,Unk-25535864,12/06/2007,S,RMI,168000,.059446,29.950000,9957.050000,15/06/2007,Confirmed
25535323,Unk-25535323,12/06/2007,B,AGS,5350,1.868490,29.950000,10026.370000,15/06/2007,Confirmed
25505092,Unk-25505092,08/06/2007,S,GSE,86500,.120000,32.180000,10347.820000,14/06/2007,Confirmed
25502290,Unk-25502290,08/06/2007,B,DYL,18000,.555000,29.950000,10019.950000,14/06/2007,Confirmed
25481797,Unk-25481797,07/06/2007,S,WMT,33000,.300000,29.950000,9870.050000,13/06/2007,Confirmed
25481311,Unk-25481311,07/06/2007,B,WMT,33000,.300000,29.950000,9929.950000,13/06/2007,Confirmed
25476402,Unk-25476402,07/06/2007,B,RMI,178000,.056000,29.950000,9997.950000,13/06/2007,Confirmed
25467141,Unk-25467141,07/06/2007,B,APG,71000,.140000,29.950000,9969.950000,13/06/2007,Confirmed
25459953,Unk-25459953,06/06/2007,S,RMG,212895,.031000,1.100000,6598.650000,12/06/2007,Confirmed
25445821,Unk-25445821,06/06/2007,B,WMT,31000,.320000,29.950000,9949.950000,12/06/2007,Confirmed
25439856,Unk-25439856,05/06/2007,S,RMG,122105,.028000,29.950000,3388.990000,08/06/2007,Confirmed
25437726,Unk-25437726,05/06/2007,S,APG,74000,.130000,29.950000,9590.050000,08/06/2007,Confirmed
25434842,Unk-25434842,05/06/2007,S,WMT,33000,.300000,29.950000,9870.050000,08/06/2007,Confirmed
25423741,Unk-25423741,05/06/2007,B,GSE,86500,.115000,29.950000,9977.450000,08/06/2007,Confirmed
25421722,Unk-25421722,05/06/2007,B,WMT,33000,.300000,29.950000,9929.950000,08/06/2007,Confirmed
25419564,Unk-25419564,05/06/2007,B,DYL,16600,.600000,29.950000,9989.950000,08/06/2007,Confirmed
25418748,Unk-25418748,05/06/2007,S,WMT,33000,.310000,31.710000,10198.290000,08/06/2007,Confirmed
25418147,Unk-25418147,05/06/2007,S,DYL,16500,.590000,29.950000,9705.050000,08/06/2007,Confirmed
25409214,Unk-25409214,04/06/2007,B,DYL,16500,.605000,29.950000,10012.450000,07/06/2007,Confirmed
25405870,Unk-25405870,04/06/2007,S,GSE,83000,.120000,29.950000,9930.050000,07/06/2007,Confirmed
25400302,Unk-25400302,04/06/2007,S,JMS,50000,.190000,29.950000,9470.050000,07/06/2007,Confirmed
25396704,Unk-25396704,04/06/2007,B,GSE,83000,.120000,29.950000,9989.950000,07/06/2007,Confirmed
25395498,Unk-25395498,04/06/2007,S,RMI,170000,.060000,31.610000,10168.390000,07/06/2007,Confirmed
25394442,Unk-25394442,04/06/2007,S,RMI,175000,.057000,29.950000,9945.050000,07/06/2007,Confirmed
25387875,Unk-25387875,04/06/2007,B,JMS,50000,.195000,29.950000,9779.950000,07/06/2007,Confirmed
25368474,Unk-25368474,01/06/2007,B,APG,74000,.135000,29.950000,10019.950000,06/06/2007,Confirmed
25367465,Unk-25367465,01/06/2007,B,WMT,33000,.300000,29.950000,9929.950000,06/06/2007,Confirmed
25366398,Unk-25366398,01/06/2007,S,INL,57000,.175000,29.950000,9945.050000,06/06/2007,Confirmed
25349220,Unk-25349220,31/05/2007,S,DYL,19000,.535000,31.500000,10133.500000,05/06/2007,Confirmed
25343668,Unk-25343668,31/05/2007,S,WMT,36000,.285000,31.800000,10228.200000,05/06/2007,Confirmed
25337371,Unk-25337371,30/05/2007,B,WMT,36000,.280000,31.250000,10111.250000,04/06/2007,Confirmed
25335956,Unk-25335956,30/05/2007,B,DYL,19000,.525000,29.950000,10004.950000,04/06/2007,Confirmed
25333693,Unk-25333693,30/05/2007,B,RMI,104554,.055000,.000000,5750.470000,04/06/2007,Confirmed
25333271,Unk-25333271,30/05/2007,S,WMT,35000,.275000,29.950000,9595.050000,04/06/2007,Confirmed
25325987,Unk-25325987,30/05/2007,B,RMG,370000,.027000,29.950000,10019.950000,04/06/2007,Confirmed
25325473,Unk-25325473,30/05/2007,B,WMT,35000,.285000,29.950000,10004.950000,04/06/2007,Confirmed
25323733,Unk-25323733,30/05/2007,S,JMS,54000,.185000,29.950000,9960.050000,04/06/2007,Confirmed
25313135,Unk-25313135,29/05/2007,B,RMI,75446,.055000,29.950000,4179.480000,01/06/2007,Confirmed
25308881,Unk-25308881,29/05/2007,B,BLR,40000,.245000,29.950000,9829.950000,01/06/2007,Confirmed
25304936,Unk-25304936,29/05/2007,B,BLR,38000,.260000,29.950000,9909.950000,01/06/2007,Confirmed
25301526,Unk-25301526,29/05/2007,B,JMS,54000,.185000,29.950000,10019.950000,01/06/2007,Confirmed
25297701,Unk-25297701,29/05/2007,S,BLR,38000,.265000,31.220000,10038.780000,01/06/2007,Confirmed
25296379,Unk-25296379,29/05/2007,S,WMT,32000,.295000,29.950000,9410.050000,01/06/2007,Confirmed
25296012,Unk-25296012,29/05/2007,B,BLR,38000,.260000,29.950000,9909.950000,01/06/2007,Confirmed
25294944,Unk-25294944,29/05/2007,B,INL,57000,.175000,29.950000,10004.950000,01/06/2007,Confirmed
25293208,Unk-25293208,29/05/2007,S,BLR,35000,.275000,29.950000,9595.050000,01/06/2007,Confirmed
25292186,Unk-25292186,29/05/2007,S,APG,74000,.135000,29.950000,9960.050000,01/06/2007,Confirmed
25292136,Unk-25292136,29/05/2007,S,AEX,200000,.049000,29.950000,9770.050000,01/06/2007,Confirmed
25288971,Unk-25288971,28/05/2007,B,BLR,35000,.280000,29.950000,9829.950000,31/05/2007,Confirmed
25285776,Unk-25285776,28/05/2007,B,WMT,32000,.310000,29.950000,9949.950000,31/05/2007,Confirmed
25285767,Unk-25285767,28/05/2007,B,RMI,170000,.058000,29.950000,9889.950000,31/05/2007,Confirmed
25285069,Unk-25285069,28/05/2007,S,BLR,35000,.285000,29.950000,9945.050000,31/05/2007,Confirmed
25279933,Unk-25279933,28/05/2007,B,APG,74000,.135000,29.950000,10019.950000,31/05/2007,Confirmed
25278941,Unk-25278941,28/05/2007,B,AEX,200000,.049000,29.950000,9829.950000,31/05/2007,Confirmed
25276912,Unk-25276912,28/05/2007,S,WMT,32000,.315000,31.250000,10048.750000,31/05/2007,Confirmed
25276802,Unk-25276802,28/05/2007,S,AEX,215000,.049000,32.660000,10502.340000,31/05/2007,Confirmed
25276521,Unk-25276521,28/05/2007,B,WGP,55000,.180000,29.950000,9929.950000,31/05/2007,Confirmed
25275609,Unk-25275609,28/05/2007,S,APG,71000,.135000,29.950000,9555.050000,31/05/2007,Confirmed
25250626,Unk-25250626,25/05/2007,B,AEX,215000,.046000,29.950000,9919.950000,30/05/2007,Confirmed
25249336,Unk-25249336,25/05/2007,B,APG,71000,.140000,29.950000,9969.950000,30/05/2007,Confirmed
25247841,Unk-25247841,25/05/2007,B,WMT,32000,.310000,29.950000,9949.950000,30/05/2007,Confirmed
25242652,Unk-25242652,25/05/2007,B,BLR,35000,.280000,29.950000,9829.950000,30/05/2007,Confirmed
25229473,Unk-25229473,24/05/2007,S,INL,54000,.180000,29.950000,9690.050000,29/05/2007,Confirmed
25228985,Unk-25228985,24/05/2007,S,JMS,50000,.205000,31.770000,10218.230000,29/05/2007,Confirmed
25226699,Unk-25226699,24/05/2007,B,JMS,49281,.195000,.000000,9609.800000,29/05/2007,Confirmed
25223728,Unk-25223728,24/05/2007,B,INL,54000,.185000,29.950000,10019.950000,29/05/2007,Confirmed
25222720,Unk-25222720,24/05/2007,S,RMG,315000,.032000,31.250000,10048.750000,29/05/2007,Confirmed
25222568,Unk-25222568,24/05/2007,S,WMT,31000,.300000,29.950000,9270.050000,29/05/2007,Confirmed
25215781,Unk-25215781,24/05/2007,S,WGP,50000,.185000,29.950000,9220.050000,29/05/2007,Confirmed
25215066,Unk-25215066,24/05/2007,B,WGP,50000,.195000,29.950000,9779.950000,29/05/2007,Confirmed
25212046,Unk-25212046,24/05/2007,S,AEX,210000,.049000,31.900000,10258.100000,29/05/2007,Confirmed
25210494,Unk-25210494,23/05/2007,B,JMS,719,.195000,29.950000,170.160000,28/05/2007,Confirmed
25209048,Unk-25209048,23/05/2007,S,WGP,58000,.185000,33.260000,10696.740000,28/05/2007,Confirmed
25197990,Unk-25197990,23/05/2007,S,DYL,18000,.545000,29.950000,9780.050000,28/05/2007,Confirmed
25194686,Unk-25194686,23/05/2007,B,WMT,31000,.320000,29.950000,9949.950000,28/05/2007,Confirmed
25193356,Unk-25193356,23/05/2007,B,AEX,210000,.047000,29.950000,9899.950000,28/05/2007,Confirmed
25189182,Unk-25189182,23/05/2007,B,DYL,18000,.555000,29.950000,10019.950000,28/05/2007,Confirmed
25189087,Unk-25189087,23/05/2007,S,RMG,355000,.028000,29.950000,9910.050000,28/05/2007,Confirmed
25186575,Unk-25186575,23/05/2007,S,AEX,200000,.049000,29.950000,9770.050000,28/05/2007,Confirmed
25173403,Unk-25173403,22/05/2007,B,RMG,340000,.029000,29.950000,9889.950000,25/05/2007,Confirmed
25170340,Unk-25170340,22/05/2007,S,INL,49800,.195000,29.950000,9681.050000,25/05/2007,Confirmed
25167807,Unk-25167807,22/05/2007,B,INL,49800,.200000,29.950000,9989.950000,25/05/2007,Confirmed
25164876,Unk-25164876,22/05/2007,B,AEX,200000,.049000,29.950000,9829.950000,25/05/2007,Confirmed
25163647,Unk-25163647,22/05/2007,B,RMG,370000,.027000,29.950000,10019.950000,25/05/2007,Confirmed
25158872,Unk-25158872,21/05/2007,S,RMG,375000,.026357,29.950000,9854.050000,24/05/2007,Confirmed
25157247,Unk-25157247,21/05/2007,S,YML,21000,.538917,35.080000,11282.170000,24/05/2007,Confirmed
25150223,Unk-25150223,21/05/2007,B,WGP,58000,.170000,29.950000,9889.950000,24/05/2007,Confirmed
25149022,Unk-25149022,21/05/2007,S,AEX,192000,.050000,29.950000,9570.050000,24/05/2007,Confirmed
25148601,Unk-25148601,21/05/2007,B,AEX,192000,.052000,29.950000,10013.950000,24/05/2007,Confirmed
25130349,Unk-25130349,18/05/2007,S,AGS,4500,2.220000,29.950000,9960.050000,23/05/2007,Confirmed
25128143,Unk-25128143,18/05/2007,B,RMG,380000,.026000,29.950000,9909.950000,23/05/2007,Confirmed
25126205,Unk-25126205,18/05/2007,B,YML,21000,.467619,29.950000,9849.950000,23/05/2007,Confirmed
25123047,Unk-25123047,18/05/2007,B,APG,60000,.165000,29.950000,9929.950000,23/05/2007,Confirmed
25106662,Unk-25106662,17/05/2007,S,WGP,55000,.180000,29.950000,9870.050000,22/05/2007,Confirmed
25102441,Unk-25102441,17/05/2007,B,AGS,4500,2.220000,29.950000,10019.950000,22/05/2007,Confirmed
25097676,Unk-25097676,17/05/2007,S,AEX,210000,.046000,29.950000,9630.050000,22/05/2007,Confirmed
25093957,Unk-25093957,17/05/2007,B,AEX,210000,.047000,29.950000,9899.950000,22/05/2007,Confirmed
25085053,Unk-25085053,16/05/2007,S,AEX,210000,.046000,29.950000,9630.050000,21/05/2007,Confirmed
25076836,Unk-25076836,16/05/2007,B,AEX,210000,.046000,29.950000,9689.950000,21/05/2007,Confirmed
25060930,Unk-25060930,15/05/2007,B,RMI,160000,.062000,29.950000,9949.950000,18/05/2007,Confirmed
25045352,Unk-25045352,15/05/2007,S,SSC,430000,.024000,31.990000,10288.010000,18/05/2007,Confirmed
25045124,Unk-25045124,15/05/2007,S,RRS,14000,.690000,29.950000,9630.050000,18/05/2007,Confirmed
25041757,Unk-25041757,15/05/2007,B,RRS,14000,.700000,29.950000,9829.950000,18/05/2007,Confirmed
25029246,Unk-25029246,14/05/2007,S,CBH,17000,.595000,31.350000,10083.650000,17/05/2007,Confirmed
25022684,Unk-25022684,14/05/2007,S,RRS,20000,.545000,33.790000,10866.210000,17/05/2007,Confirmed
25021941,Unk-25021941,14/05/2007,B,WMT,27000,.370000,29.950000,10019.950000,17/05/2007,Confirmed
25020818,Unk-25020818,14/05/2007,S,MLS,86000,.115000,29.950000,9860.050000,17/05/2007,Confirmed
25019711,Unk-25019711,14/05/2007,S,AGS,4400,2.270000,29.950000,9958.050000,17/05/2007,Confirmed
25017678,Unk-25017678,14/05/2007,S,APG,51000,.195000,29.950000,9915.050000,17/05/2007,Confirmed
25015626,Unk-25015626,14/05/2007,B,MLS,86000,.115000,29.950000,9919.950000,17/05/2007,Confirmed
25007295,Unk-25007295,11/05/2007,B,RRS,20000,.495000,29.950000,9929.950000,16/05/2007,Confirmed
25007032,Unk-25007032,11/05/2007,S,INL,55000,.180000,29.950000,9870.050000,16/05/2007,Confirmed
25002016,Unk-25002016,11/05/2007,S,DYL,17000,.595000,31.350000,10083.650000,16/05/2007,Confirmed
24999162,Unk-24999162,11/05/2007,B,INL,55000,.180000,29.950000,9929.950000,16/05/2007,Confirmed
24998693,Unk-24998693,11/05/2007,S,MLS,108000,.095000,31.800000,10228.200000,16/05/2007,Confirmed
24993130,Unk-24993130,11/05/2007,B,AGS,4500,2.220000,29.950000,10019.950000,16/05/2007,Confirmed
24993075,Unk-24993075,11/05/2007,B,CBH,17000,.585000,29.950000,9974.950000,16/05/2007,Confirmed
24991769,Unk-24991769,11/05/2007,B,DYL,17000,.585000,29.950000,9974.950000,16/05/2007,Confirmed
24991001,Unk-24991001,11/05/2007,B,MLS,108000,.092000,29.950000,9965.950000,16/05/2007,Confirmed
24983349,Unk-24983349,10/05/2007,S,MOX,11000,.923182,31.480000,10123.520000,15/05/2007,Confirmed
24978041,Unk-24978041,10/05/2007,S,RMI,180000,.054000,29.950000,9690.050000,15/05/2007,Confirmed
24977536,Unk-24977536,10/05/2007,S,MLS,109000,.089000,29.950000,9671.050000,15/05/2007,Confirmed
24976211,Unk-24976211,10/05/2007,B,RMI,180000,.055000,29.950000,9929.950000,15/05/2007,Confirmed
24975431,Unk-24975431,10/05/2007,B,MLS,109000,.091000,29.950000,9948.950000,15/05/2007,Confirmed
24945438,Unk-24945438,09/05/2007,S,INL,50000,.190000,29.950000,9470.050000,14/05/2007,Confirmed
24943533,Unk-24943533,09/05/2007,B,GDNO,27000,.367727,29.950000,9958.590000,14/05/2007,Confirmed
24941877,Unk-24941877,09/05/2007,B,MOX,11000,.905000,29.950000,9984.950000,14/05/2007,Confirmed
24929450,Unk-24929450,08/05/2007,B,SSC,430000,.023000,29.950000,9919.950000,11/05/2007,Confirmed
24924442,Unk-24924442,08/05/2007,S,RMI,200000,.050000,31.000000,9969.000000,11/05/2007,Confirmed
24915660,Unk-24915660,08/05/2007,B,WMT,25000,.360000,29.950000,9029.950000,11/05/2007,Confirmed
24911526,Unk-24911526,08/05/2007,S,AGS,4000,2.280000,29.950000,9090.050000,11/05/2007,Confirmed
24850199,Unk-24850199,04/05/2007,S,AGM,9000,1.075000,29.950000,9645.050000,09/05/2007,Confirmed
24826896,Unk-24826896,03/05/2007,B,AGM,9000,1.090000,29.950000,9839.950000,08/05/2007,Confirmed
24811439,Unk-24811439,02/05/2007,S,AGM,10000,1.005000,31.150000,10018.850000,07/05/2007,Confirmed
24810645,Unk-24810645,02/05/2007,B,RMI,98804,.041000,.000000,4050.960000,07/05/2007,Confirmed
24809630,Unk-24809630,02/05/2007,S,WMT,28500,.355000,31.360000,10086.140000,07/05/2007,Confirmed
24807090,Unk-24807090,02/05/2007,B,WMT,28500,.350000,29.950000,10004.950000,07/05/2007,Confirmed
24804661,Unk-24804661,02/05/2007,B,AGM,10000,.995000,29.950000,9979.950000,07/05/2007,Confirmed
24804011,Unk-24804011,02/05/2007,S,JMS,49500,.200000,29.950000,9870.050000,07/05/2007,Confirmed
24789036,Unk-24789036,01/05/2007,B,WMT,27000,.365000,29.950000,9884.950000,04/05/2007,Confirmed
24781771,Unk-24781771,01/05/2007,B,INL,50000,.195000,29.950000,9779.950000,04/05/2007,Confirmed
24778335,Unk-24778335,30/04/2007,B,RMI,73540,.041000,.000000,3015.140000,03/05/2007,Confirmed
24766465,Unk-24766465,30/04/2007,S,DYL,14500,.685000,29.950000,9902.550000,03/05/2007,Confirmed
24765340,Unk-24765340,30/04/2007,B,DYL,14500,.685000,29.950000,9962.450000,03/05/2007,Confirmed
24764123,Unk-24764123,30/04/2007,S,DYL,14000,.675000,29.950000,9420.050000,03/05/2007,Confirmed
24763655,Unk-24763655,30/04/2007,B,GGY,43000,.230000,29.950000,9919.950000,03/05/2007,Confirmed
24762737,Unk-24762737,30/04/2007,S,WMT,24500,.390000,29.950000,9525.050000,03/05/2007,Confirmed
24758589,Unk-24758589,30/04/2007,B,WMT,24500,.400000,29.950000,9829.950000,03/05/2007,Confirmed
24758311,Unk-24758311,30/04/2007,B,DYL,14000,.710000,29.950000,9969.950000,03/05/2007,Confirmed
24745848,Unk-24745848,27/04/2007,S,WMT,24000,.400000,29.950000,9570.050000,02/05/2007,Confirmed
24744583,Unk-24744583,27/04/2007,B,AGS,4000,2.460000,29.950000,9869.950000,02/05/2007,Confirmed
24736592,Unk-24736592,27/04/2007,B,WMT,24000,.410000,29.950000,9869.950000,02/05/2007,Confirmed
24729997,Unk-24729997,26/04/2007,B,RMI,67656,.041000,29.950000,2803.850000,01/05/2007,Confirmed
24722473,Unk-24722473,26/04/2007,B,JMS,49500,.200000,29.950000,9929.950000,01/05/2007,Confirmed
24686960,Unk-24686960,24/04/2007,B,GGY,52570,.190000,29.950000,10018.250000,30/04/2007,Confirmed
24662766,Unk-24662766,23/04/2007,B,GDNO,15000,.630000,29.950000,9479.950000,27/04/2007,Confirmed
24658449,Unk-24658449,23/04/2007,S,GGY,48770,.195000,29.950000,9480.200000,27/04/2007,Confirmed
24649179,Unk-24649179,20/04/2007,S,RMG,570000,.032000,56.540000,18183.460000,26/04/2007,Confirmed
24640171,Unk-24640171,20/04/2007,B,WGP,53500,.145000,.000000,7757.500000,26/04/2007,Confirmed
24636279,Unk-24636279,19/04/2007,B,WGP,15000,.145000,29.950000,2204.950000,24/04/2007,Confirmed
24633689,Unk-24633689,19/04/2007,S,JMS,46500,.200000,29.950000,9270.050000,24/04/2007,Confirmed
24632207,Unk-24632207,19/04/2007,B,RMG,370000,.027000,29.950000,10019.950000,24/04/2007,Confirmed
24627717,Unk-24627717,19/04/2007,B,JMS,46500,.215000,29.950000,10027.450000,24/04/2007,Confirmed
24625790,Unk-24625790,19/04/2007,B,GDNO,12500,.795000,29.950000,9967.450000,24/04/2007,Confirmed
24615563,Unk-24615563,19/04/2007,S,RMG,430000,.027000,35.990000,11574.010000,24/04/2007,Confirmed
24611042,Unk-24611042,18/04/2007,B,APG,57000,.175000,29.950000,10004.950000,23/04/2007,Confirmed
24599431,Unk-24599431,18/04/2007,B,GDNO,13000,.765000,29.950000,9974.950000,23/04/2007,Confirmed
24598320,Unk-24598320,18/04/2007,B,RMG,430000,.023000,29.950000,9919.950000,23/04/2007,Confirmed
24598023,Unk-24598023,18/04/2007,B,GGY,57000,.175000,29.950000,10004.950000,23/04/2007,Confirmed
24579915,Unk-24579915,17/04/2007,S,GDNO,23544,.796911,58.160000,18704.320000,20/04/2007,Confirmed
24530898,Unk-24530898,13/04/2007,S,GDNO,13000,.895000,36.070000,11598.930000,18/04/2007,Confirmed
24529844,Unk-24529844,13/04/2007,S,GSEO,110000,.089273,29.950000,9790.050000,18/04/2007,Confirmed
24529822,Unk-24529822,13/04/2007,S,GGY,95000,.190000,55.950000,17994.050000,18/04/2007,Confirmed
24507341,Unk-24507341,12/04/2007,S,RMG,410000,.024000,29.950000,9810.050000,17/04/2007,Confirmed
24505790,Unk-24505790,12/04/2007,S,RMG,337836,.024000,29.950000,8078.110000,17/04/2007,Confirmed
24503438,Unk-24503438,12/04/2007,B,RMG,337836,.024000,29.950000,8138.010000,17/04/2007,Confirmed
24502805,Unk-24502805,12/04/2007,B,RMG,411000,.024000,29.950000,9893.950000,17/04/2007,Confirmed
24496226,Unk-24496226,12/04/2007,S,WMT,28500,.345000,29.950000,9802.550000,17/04/2007,Confirmed
24494956,Unk-24494956,12/04/2007,B,WMT,28500,.345000,29.950000,9862.450000,17/04/2007,Confirmed
24488209,Unk-24488209,11/04/2007,S,WMT,28500,.355000,31.360000,10086.140000,16/04/2007,Confirmed
24479339,Unk-24479339,11/04/2007,S,AGM,11500,.845000,29.950000,9687.550000,16/04/2007,Confirmed
24476157,Unk-24476157,11/04/2007,B,GGY,48500,.205000,29.950000,9972.450000,16/04/2007,Confirmed
24475286,Unk-24475286,11/04/2007,B,AGM,11500,.845000,29.950000,9747.450000,16/04/2007,Confirmed
24468882,Unk-24468882,11/04/2007,B,GGY,46500,.215000,29.950000,10027.450000,16/04/2007,Confirmed
24462825,Unk-24462825,10/04/2007,S,CBH,18000,.560000,31.250000,10048.750000,13/04/2007,Confirmed
24457241,Unk-24457241,10/04/2007,S,APG,58000,.170000,29.950000,9830.050000,13/04/2007,Confirmed
24457045,Unk-24457045,10/04/2007,B,WMT,28500,.350000,29.950000,10004.950000,13/04/2007,Confirmed
24456225,Unk-24456225,10/04/2007,S,GGY,54000,.190000,31.800000,10228.200000,13/04/2007,Confirmed
24451545,Unk-24451545,10/04/2007,B,CBH,18000,.550000,29.950000,9929.950000,13/04/2007,Confirmed
24449415,Unk-24449415,10/04/2007,S,WMT,30000,.330000,29.950000,9870.050000,13/04/2007,Confirmed
24448760,Unk-24448760,10/04/2007,S,BLR,40000,.245000,29.950000,9770.050000,13/04/2007,Confirmed
24446782,Unk-24446782,10/04/2007,S,AGM,12000,.845000,31.430000,10108.570000,13/04/2007,Confirmed
24444479,Unk-24444479,10/04/2007,B,GDNO,13000,.755000,29.950000,9844.950000,13/04/2007,Confirmed
24442548,Unk-24442548,10/04/2007,B,BLR,40000,.245000,29.950000,9829.950000,13/04/2007,Confirmed
24440932,Unk-24440932,10/04/2007,B,WMT,30000,.325000,29.950000,9779.950000,13/04/2007,Confirmed
24437910,Unk-24437910,10/04/2007,B,AGM,12000,.800000,29.950000,9629.950000,13/04/2007,Confirmed
24434314,Unk-24434314,05/04/2007,S,DYL,19000,.485000,29.950000,9185.050000,12/04/2007,Confirmed
24432456,Unk-24432456,05/04/2007,B,GDNO,13500,.740000,29.950000,10019.950000,12/04/2007,Confirmed
24430758,Unk-24430758,05/04/2007,S,GDNO,30000,.693333,64.470000,20735.530000,12/04/2007,Confirmed
24401508,Unk-24401508,04/04/2007,B,WGP,46500,.215000,29.950000,10027.450000,11/04/2007,Confirmed
24395258,Unk-24395258,04/04/2007,B,DYL,19000,.510000,29.950000,9719.950000,11/04/2007,Confirmed
24392032,Unk-24392032,03/04/2007,B,GGY,54000,.185000,29.950000,10019.950000,10/04/2007,Confirmed
24381644,Unk-24381644,03/04/2007,S,DYL,21500,.485000,32.320000,10395.180000,10/04/2007,Confirmed
24380898,Unk-24380898,03/04/2007,B,GDNO,14000,.680000,29.950000,9549.950000,10/04/2007,Confirmed
24378143,Unk-24378143,03/04/2007,S,GGY,60000,.180000,33.470000,10766.530000,10/04/2007,Confirmed
24370127,Unk-24370127,02/04/2007,S,CBH,19000,.505000,29.950000,9565.050000,05/04/2007,Confirmed
24368212,Unk-24368212,02/04/2007,B,DYL,21500,.460000,29.950000,9919.950000,05/04/2007,Confirmed
24359661,Unk-24359661,02/04/2007,B,GDNO,16000,.620000,29.950000,9949.950000,05/04/2007,Confirmed
24358355,Unk-24358355,02/04/2007,S,AGS,4300,2.310000,29.950000,9903.050000,05/04/2007,Confirmed
24357067,Unk-24357067,02/04/2007,B,JMS,38000,.260000,29.950000,9909.950000,05/04/2007,Confirmed
24355461,Unk-24355461,02/04/2007,B,AGS,4300,2.320000,29.950000,10005.950000,05/04/2007,Confirmed
24348476,Unk-24348476,30/03/2007,S,AGS,4800,2.050000,29.950000,9810.050000,04/04/2007,Confirmed
24334414,Unk-24334414,30/03/2007,B,CBH,19000,.520000,29.950000,9909.950000,04/04/2007,Confirmed
24330290,Unk-24330290,30/03/2007,B,GGY,60000,.160000,29.950000,9629.950000,04/04/2007,Confirmed
24323795,Unk-24323795,29/03/2007,S,ADI,15000,.643542,29.950000,9623.180000,03/04/2007,Confirmed
24319262,Unk-24319262,29/03/2007,S,GGY,64000,.155000,29.950000,9890.050000,03/04/2007,Confirmed
24316913,Unk-24316913,29/03/2007,B,GGY,64000,.150000,29.950000,9629.950000,03/04/2007,Confirmed
24316313,Unk-24316313,29/03/2007,B,GSEO,100000,.094000,29.950000,9429.950000,03/04/2007,Confirmed
24312520,Unk-24312520,29/03/2007,S,DYL,49000,.395000,59.990000,19295.010000,03/04/2007,Confirmed
24305885,Unk-24305885,28/03/2007,B,APG,58000,.170000,29.950000,9889.950000,02/04/2007,Confirmed
24303046,Unk-24303046,28/03/2007,S,GGY,71000,.140000,29.950000,9910.050000,02/04/2007,Confirmed
24303039,Unk-24303039,28/03/2007,B,DYL,24500,.400000,29.950000,9829.950000,02/04/2007,Confirmed
24299707,Unk-24299707,28/03/2007,B,ADI,15000,.655000,29.950000,9854.950000,02/04/2007,Confirmed
24299690,Unk-24299690,28/03/2007,S,GDNO,20000,.520700,32.290000,10381.710000,02/04/2007,Confirmed
24296720,Unk-24296720,28/03/2007,B,GDNO,20000,.495000,29.950000,9929.950000,02/04/2007,Confirmed
24293470,Unk-24293470,28/03/2007,B,GGY,71000,.140000,29.950000,9969.950000,02/04/2007,Confirmed
24292949,Unk-24292949,28/03/2007,S,APG,66000,.155000,31.710000,10198.290000,02/04/2007,Confirmed
24290658,Unk-24290658,28/03/2007,B,DYL,24500,.405000,29.950000,9952.450000,02/04/2007,Confirmed
24282620,Unk-24282620,27/03/2007,S,GGY,90000,.120000,33.470000,10766.530000,30/03/2007,Confirmed
24282486,Unk-24282486,27/03/2007,B,APG,66000,.150000,29.950000,9929.950000,30/03/2007,Confirmed
24280428,Unk-24280428,27/03/2007,B,GGY,90000,.110000,29.950000,9929.950000,30/03/2007,Confirmed
24279148,Unk-24279148,27/03/2007,S,AGM,13000,.755000,29.950000,9785.050000,30/03/2007,Confirmed
24276181,Unk-24276181,27/03/2007,B,AGM,13000,.755000,29.950000,9844.950000,30/03/2007,Confirmed
24272084,Unk-24272084,27/03/2007,S,AGS,4800,2.080000,29.950000,9954.050000,30/03/2007,Confirmed
24270806,Unk-24270806,27/03/2007,S,WMT,36000,.265000,29.950000,9510.050000,30/03/2007,Confirmed
24265347,Unk-24265347,26/03/2007,S,APG,133000,.155000,63.900000,20551.100000,29/03/2007,Confirmed
24260524,Unk-24260524,26/03/2007,B,AGS,5100,1.960000,29.950000,10025.950000,29/03/2007,Confirmed
24260055,Unk-24260055,26/03/2007,B,GSEO,110000,.088364,29.950000,9749.950000,29/03/2007,Confirmed
24257383,Unk-24257383,26/03/2007,S,DYL,24000,.415000,29.950000,9930.050000,29/03/2007,Confirmed
24256531,Unk-24256531,26/03/2007,S,GSEO,130000,.081000,32.640000,10497.360000,29/03/2007,Confirmed
24255666,Unk-24255666,26/03/2007,S,GSE,83000,.125000,32.160000,10342.840000,29/03/2007,Confirmed
24255541,Unk-24255541,26/03/2007,S,MLS,150000,.067000,31.150000,10018.850000,29/03/2007,Confirmed
24252738,Unk-24252738,26/03/2007,S,GGY,90000,.130667,36.450000,11723.550000,29/03/2007,Confirmed
24252326,Unk-24252326,26/03/2007,S,GGY,76500,.115000,29.950000,8767.550000,29/03/2007,Confirmed
24251303,Unk-24251303,26/03/2007,B,GGY,76500,.130000,29.950000,9974.950000,29/03/2007,Confirmed
24251195,Unk-24251195,26/03/2007,B,DYL,24000,.415000,29.950000,9989.950000,29/03/2007,Confirmed
24249345,Unk-24249345,26/03/2007,B,GGY,90000,.110000,29.950000,9929.950000,29/03/2007,Confirmed
24242827,Unk-24242827,23/03/2007,S,DYL,24000,.405000,29.950000,9690.050000,28/03/2007,Confirmed
24233502,Unk-24233502,23/03/2007,B,DYL,24000,.410000,29.950000,9869.950000,28/03/2007,Confirmed
24232691,Unk-24232691,23/03/2007,B,MLS,150000,.064000,29.950000,9629.950000,28/03/2007,Confirmed
24232328,Unk-24232328,23/03/2007,S,GGY,116000,.087000,31.280000,10060.720000,28/03/2007,Confirmed
24231948,Unk-24231948,23/03/2007,B,GGY,116000,.086000,29.950000,10005.950000,28/03/2007,Confirmed
24216723,Unk-24216723,22/03/2007,B,GSEO,130000,.075000,29.950000,9779.950000,27/03/2007,Confirmed
24213363,Unk-24213363,22/03/2007,B,WMT,36000,.275000,29.950000,9929.950000,27/03/2007,Confirmed
24208760,Unk-24208760,22/03/2007,S,WMT,37500,.255000,29.950000,9532.550000,27/03/2007,Confirmed
24208594,Unk-24208594,22/03/2007,S,AGS,5700,1.749909,29.950000,9944.530000,27/03/2007,Confirmed
24199216,Unk-24199216,21/03/2007,S,DYL,25000,.390000,29.950000,9720.050000,26/03/2007,Confirmed
24198866,Unk-24198866,21/03/2007,B,APG,66000,.150000,29.950000,9929.950000,26/03/2007,Confirmed
24197621,Unk-24197621,21/03/2007,B,DYL,25000,.395000,29.950000,9904.950000,26/03/2007,Confirmed
24190151,Unk-24190151,21/03/2007,B,APG,71000,.140000,29.950000,9969.950000,26/03/2007,Confirmed
24189822,Unk-24189822,21/03/2007,B,GSE,83000,.120000,29.950000,9989.950000,26/03/2007,Confirmed
24188419,Unk-24188419,21/03/2007,B,WMT,37500,.265000,29.950000,9967.450000,26/03/2007,Confirmed
24180087,Unk-24180087,20/03/2007,B,AGS,5900,1.670000,29.950000,9882.950000,23/03/2007,Confirmed
24172320,Unk-24172320,20/03/2007,S,GSE,90000,.110000,29.950000,9870.050000,23/03/2007,Confirmed
24172235,Unk-24172235,20/03/2007,S,APG,124000,.140000,53.810000,17306.190000,23/03/2007,Confirmed
24171685,Unk-24171685,20/03/2007,B,GSE,90000,.110000,29.950000,9929.950000,23/03/2007,Confirmed
24155165,Unk-24155165,19/03/2007,B,APG,64000,.155000,29.950000,9949.950000,22/03/2007,Confirmed
24143195,Unk-24143195,16/03/2007,S,GGY,130000,.076000,29.950000,9850.050000,21/03/2007,Confirmed
24139118,Unk-24139118,16/03/2007,B,APG,60000,.165000,29.950000,9929.950000,21/03/2007,Confirmed
24137825,Unk-24137825,16/03/2007,B,GGY,130000,.075000,29.950000,9779.950000,21/03/2007,Confirmed
24137452,Unk-24137452,16/03/2007,S,APG,120000,.170000,63.240000,20336.760000,21/03/2007,Confirmed
24134903,Unk-24134903,16/03/2007,S,WMT,40000,.245000,29.950000,9770.050000,21/03/2007,Confirmed
24133848,Unk-24133848,16/03/2007,B,APG,60000,.165000,29.950000,9929.950000,21/03/2007,Confirmed
24128353,Unk-24128353,15/03/2007,B,WMT,40000,.245000,29.950000,9829.950000,20/03/2007,Confirmed
24125432,Unk-24125432,15/03/2007,B,APG,60000,.165000,29.950000,9929.950000,20/03/2007,Confirmed
24116065,Unk-24116065,15/03/2007,S,WMT,77000,.255000,60.860000,19574.140000,20/03/2007,Confirmed
24097384,Unk-24097384,14/03/2007,S,RMI,260000,.036404,29.950000,9435.050000,19/03/2007,Confirmed
24088427,Unk-24088427,13/03/2007,B,WMT,40000,.240000,29.950000,9629.950000,16/03/2007,Confirmed
24083691,Unk-24083691,13/03/2007,B,RMG,499000,.020000,29.950000,10009.950000,16/03/2007,Confirmed
24075088,Unk-24075088,13/03/2007,S,AGS,6000,1.725000,32.090000,10317.910000,16/03/2007,Confirmed
24069300,Unk-24069300,12/03/2007,B,WMT,37000,.270000,29.950000,10019.950000,15/03/2007,Confirmed
24064478,Unk-24064478,12/03/2007,S,WMT,39000,.255000,29.950000,9915.050000,15/03/2007,Confirmed
24064232,Unk-24064232,12/03/2007,B,WMT,39000,.255000,29.950000,9974.950000,15/03/2007,Confirmed
24059132,Unk-24059132,12/03/2007,S,DYL,26000,.360000,29.950000,9330.050000,15/03/2007,Confirmed
24028239,Unk-24028239,08/03/2007,B,AGS,6100,1.635000,29.950000,10003.450000,14/03/2007,Confirmed
24027821,Unk-24027821,08/03/2007,B,RMI,260000,.038000,29.950000,9909.950000,14/03/2007,Confirmed
24019448,Unk-24019448,08/03/2007,B,DYL,26000,.380000,29.950000,9909.950000,14/03/2007,Confirmed
24010627,Unk-24010627,07/03/2007,S,URAO,25000,.380000,29.950000,9470.050000,13/03/2007,Confirmed
24006452,Unk-24006452,07/03/2007,S,WMT,33000,.280000,29.950000,9210.050000,13/03/2007,Confirmed
24006063,Unk-24006063,07/03/2007,B,WMT,33000,.295000,29.950000,9764.950000,13/03/2007,Confirmed
24005724,Unk-24005724,07/03/2007,S,WMT,33000,.300000,29.950000,9870.050000,13/03/2007,Confirmed
24005523,Unk-24005523,07/03/2007,S,APG,52000,.180000,29.950000,9330.050000,13/03/2007,Confirmed
24004641,Unk-24004641,07/03/2007,B,WMT,33000,.300000,29.950000,9929.950000,13/03/2007,Confirmed
24004311,Unk-24004311,07/03/2007,S,CBH,17500,.570000,29.950000,9945.050000,13/03/2007,Confirmed
24002566,Unk-24002566,07/03/2007,S,DYL,25000,.390000,29.950000,9720.050000,13/03/2007,Confirmed
24002128,Unk-24002128,07/03/2007,B,URAO,25000,.395000,29.950000,9904.950000,13/03/2007,Confirmed
24002123,Unk-24002123,07/03/2007,B,CBH,17500,.565000,29.950000,9917.450000,13/03/2007,Confirmed
23998834,Unk-23998834,07/03/2007,S,WMT,39500,.295000,36.120000,11616.380000,13/03/2007,Confirmed
23998281,Unk-23998281,07/03/2007,B,DYL,25000,.390000,29.950000,9779.950000,13/03/2007,Confirmed
23998093,Unk-23998093,07/03/2007,B,APG,52000,.190000,29.950000,9909.950000,13/03/2007,Confirmed
23991680,Unk-23991680,06/03/2007,B,WMT,39500,.250000,29.950000,9904.950000,09/03/2007,Confirmed
23990881,Unk-23990881,06/03/2007,S,GGY,148000,.066000,29.950000,9738.050000,09/03/2007,Confirmed
23984682,Unk-23984682,06/03/2007,S,INL,54000,.190000,31.800000,10228.200000,09/03/2007,Confirmed
23983583,Unk-23983583,06/03/2007,B,GGY,148000,.067000,29.950000,9945.950000,09/03/2007,Confirmed
23982768,Unk-23982768,06/03/2007,S,APG,48000,.185000,29.950000,8850.050000,09/03/2007,Confirmed
23981703,Unk-23981703,06/03/2007,S,AGS,6400,1.580078,31.350000,10081.150000,09/03/2007,Confirmed
23981624,Unk-23981624,06/03/2007,B,APG,48000,.200000,29.950000,9629.950000,09/03/2007,Confirmed
23980048,Unk-23980048,06/03/2007,S,APG,60000,.190000,35.340000,11364.660000,09/03/2007,Confirmed
23974699,Unk-23974699,06/03/2007,S,MLS,160000,.063000,31.250000,10048.750000,09/03/2007,Confirmed
23973046,Unk-23973046,06/03/2007,B,MLS,160000,.061000,29.950000,9789.950000,09/03/2007,Confirmed
23971686,Unk-23971686,06/03/2007,S,DYL,28000,.355000,29.950000,9910.050000,09/03/2007,Confirmed
23968055,Unk-23968055,06/03/2007,B,DYL,28000,.350000,29.950000,9829.950000,09/03/2007,Confirmed
23961758,Unk-23961758,05/03/2007,B,APG,60000,.165000,29.950000,9929.950000,08/03/2007,Confirmed
23958087,Unk-23958087,05/03/2007,B,INL,54000,.185000,29.950000,10019.950000,08/03/2007,Confirmed
23957590,Unk-23957590,05/03/2007,S,GGY,111000,.065901,29.950000,7285.050000,08/03/2007,Confirmed
23957542,Unk-23957542,05/03/2007,B,GGY,111000,.066000,29.950000,7355.950000,08/03/2007,Confirmed
23951477,Unk-23951477,05/03/2007,B,AGS,6400,1.555000,29.950000,9981.950000,08/03/2007,Confirmed
23946477,Unk-23946477,05/03/2007,S,WMT,55000,.195000,33.240000,10691.760000,08/03/2007,Confirmed
23945803,Unk-23945803,05/03/2007,S,APG,60000,.169296,31.480000,10126.290000,08/03/2007,Confirmed
23944556,Unk-23944556,05/03/2007,S,DYL,28000,.355000,29.950000,9910.050000,08/03/2007,Confirmed
23942523,Unk-23942523,05/03/2007,S,AGS,5800,1.610000,29.950000,9308.050000,08/03/2007,Confirmed
23941879,Unk-23941879,05/03/2007,B,DYL,28000,.355000,29.950000,9969.950000,08/03/2007,Confirmed
23925982,Unk-23925982,02/03/2007,B,AGS,5800,1.705000,29.950000,9918.950000,07/03/2007,Confirmed
23920182,Unk-23920182,02/03/2007,B,APG,60000,.160000,29.950000,9629.950000,07/03/2007,Confirmed
23919327,Unk-23919327,02/03/2007,S,MLS,135000,.072416,29.950000,9746.170000,07/03/2007,Confirmed
23913613,Unk-23913613,02/03/2007,B,MLS,135000,.072000,29.950000,9749.950000,07/03/2007,Confirmed
23912831,Unk-23912831,02/03/2007,B,WMT,55000,.175000,29.950000,9654.950000,07/03/2007,Confirmed
23907855,Unk-23907855,01/03/2007,S,BLR,46000,.207307,29.950000,9506.170000,06/03/2007,Confirmed
23906395,Unk-23906395,01/03/2007,S,GGY,140000,.068815,29.950000,9604.140000,06/03/2007,Confirmed
23906065,Unk-23906065,01/03/2007,S,MLS,135000,.072000,29.950000,9690.050000,06/03/2007,Confirmed
23905137,Unk-23905137,01/03/2007,S,ADI,12500,.770000,29.950000,9595.050000,06/03/2007,Confirmed
23902928,Unk-23902928,01/03/2007,S,WMT,50000,.180000,29.950000,8970.050000,06/03/2007,Confirmed
23899525,Unk-23899525,01/03/2007,S,AGS,5500,1.760000,29.950000,9650.050000,06/03/2007,Confirmed
23894021,Unk-23894021,01/03/2007,B,ADI,12500,.790000,29.950000,9904.950000,06/03/2007,Confirmed
23893469,Unk-23893469,01/03/2007,B,BLR,46000,.215000,29.950000,9919.950000,06/03/2007,Confirmed
23893243,Unk-23893243,01/03/2007,B,GGY,140000,.068000,29.950000,9549.950000,06/03/2007,Confirmed
23893027,Unk-23893027,01/03/2007,B,AGS,5500,1.795000,29.950000,9902.450000,06/03/2007,Confirmed
23886161,Unk-23886161,01/03/2007,B,WMT,50000,.180000,29.950000,9029.950000,06/03/2007,Confirmed
23883082,Unk-23883082,01/03/2007,B,MLS,135000,.074000,29.950000,10019.950000,06/03/2007,Confirmed
23880224,Unk-23880224,28/02/2007,S,GGY,140000,.067816,29.950000,9464.300000,05/03/2007,Confirmed
23880174,Unk-23880174,28/02/2007,B,GGY,140000,.069000,29.950000,9689.950000,05/03/2007,Confirmed
23875736,Unk-23875736,28/02/2007,S,ADI,12000,.780568,29.950000,9336.870000,05/03/2007,Confirmed
23870843,Unk-23870843,28/02/2007,S,AGS,6000,1.690000,31.430000,10108.570000,05/03/2007,Confirmed
23870663,Unk-23870663,28/02/2007,S,MLS,140000,.072000,31.250000,10048.750000,05/03/2007,Confirmed
23870376,Unk-23870376,28/02/2007,B,ADI,12000,.765000,29.950000,9209.950000,05/03/2007,Confirmed
23868635,Unk-23868635,28/02/2007,S,JMS,35000,.310000,33.640000,10816.360000,05/03/2007,Confirmed
23860309,Unk-23860309,28/02/2007,S,WMT,20233,.160000,29.950000,3207.330000,05/03/2007,Confirmed
23858674,Unk-23858674,28/02/2007,S,APG,80000,.125000,31.000000,9969.000000,05/03/2007,Confirmed
23855153,Unk-23855153,28/02/2007,B,MLS,140000,.071000,29.950000,9969.950000,05/03/2007,Confirmed
23855108,Unk-23855108,28/02/2007,B,AGS,6000,1.665000,29.950000,10019.950000,05/03/2007,Confirmed
23853432,Unk-23853432,28/02/2007,B,JMS,35000,.285000,29.950000,10004.950000,05/03/2007,Confirmed
23851698,Unk-23851698,28/02/2007,S,AGS,5900,1.685000,29.950000,9911.550000,05/03/2007,Confirmed
23851196,Unk-23851196,28/02/2007,S,DYL,27000,.375000,31.380000,10093.620000,05/03/2007,Confirmed
23849181,Unk-23849181,28/02/2007,B,WMT,20233,.120000,29.950000,2457.910000,05/03/2007,Confirmed
23845531,Unk-23845531,28/02/2007,B,DYL,27000,.365000,29.950000,9884.950000,05/03/2007,Confirmed
23844811,Unk-23844811,28/02/2007,B,APG,80000,.120000,29.950000,9629.950000,05/03/2007,Confirmed
23843753,Unk-23843753,28/02/2007,B,AGS,6000,1.600000,29.950000,9629.950000,05/03/2007,Confirmed
23742595,Unk-23742595,22/02/2007,S,AGS,5400,1.850000,29.950000,9960.050000,27/02/2007,Confirmed
23721955,Unk-23721955,21/02/2007,S,APG,86000,.115000,29.950000,9860.050000,26/02/2007,Confirmed
23715884,Unk-23715884,21/02/2007,S,DYL,23000,.430000,29.950000,9860.050000,26/02/2007,Confirmed
23702997,Unk-23702997,21/02/2007,B,DYL,23000,.425000,29.950000,9804.950000,26/02/2007,Confirmed
23699415,Unk-23699415,20/02/2007,S,GGY,135000,.073000,29.950000,9825.050000,23/02/2007,Confirmed
23694754,Unk-23694754,20/02/2007,B,GGY,135000,.072000,29.950000,9749.950000,23/02/2007,Confirmed
23691674,Unk-23691674,20/02/2007,S,GSEO,125000,.066100,29.950000,8232.550000,23/02/2007,Confirmed
23682616,Unk-23682616,20/02/2007,B,APG,86000,.115000,29.950000,9919.950000,23/02/2007,Confirmed
23672931,Unk-23672931,19/02/2007,B,GSEO,125000,.079840,29.950000,10009.950000,22/02/2007,Confirmed
23634695,Unk-23634695,16/02/2007,B,AGS,5700,1.720000,29.950000,9833.950000,21/02/2007,Confirmed
23489623,Unk-23489623,07/02/2007,S,INL,46500,.220000,31.710000,10198.290000,12/02/2007,Confirmed
23489579,Unk-23489579,07/02/2007,S,WMT,76000,.125000,29.950000,9470.050000,12/02/2007,Confirmed
23488964,Unk-23488964,07/02/2007,S,BLR,48000,.200000,29.950000,9570.050000,12/02/2007,Confirmed
23478651,Unk-23478651,07/02/2007,B,BLR,48000,.205000,29.950000,9869.950000,12/02/2007,Confirmed
23475349,Unk-23475349,07/02/2007,B,WMT,76000,.130000,29.950000,9909.950000,12/02/2007,Confirmed
23475034,Unk-23475034,07/02/2007,S,BLR,50000,.195000,29.950000,9720.050000,12/02/2007,Confirmed
23473217,Unk-23473217,07/02/2007,B,INL,46500,.215000,29.950000,10027.450000,12/02/2007,Confirmed
23472331,Unk-23472331,07/02/2007,B,BLR,50000,.195000,29.950000,9779.950000,12/02/2007,Confirmed
23450383,Unk-23450383,06/02/2007,S,WMT,79000,.115000,29.950000,9055.050000,09/02/2007,Confirmed
23448630,Unk-23448630,06/02/2007,B,WMT,79000,.125000,29.950000,9904.950000,09/02/2007,Confirmed
23442553,Unk-23442553,05/02/2007,S,WMT,80000,.125000,31.000000,9969.000000,08/02/2007,Confirmed
23438592,Unk-23438592,05/02/2007,B,WMT,80000,.120000,29.950000,9629.950000,08/02/2007,Confirmed
23413913,Unk-23413913,02/02/2007,S,APG,132000,.089000,36.420000,11711.580000,07/02/2007,Confirmed
23394132,Unk-23394132,01/02/2007,S,AZZ,11000,.865000,29.950000,9485.050000,06/02/2007,Confirmed
23373825,Unk-23373825,31/01/2007,S,AGS,4700,2.040000,29.950000,9558.050000,05/02/2007,Confirmed
23373507,Unk-23373507,31/01/2007,S,DYL,20000,.490000,29.950000,9770.050000,05/02/2007,Confirmed
23368895,Unk-23368895,31/01/2007,B,URAO,9000,1.100000,29.950000,9929.950000,05/02/2007,Confirmed
23368125,Unk-23368125,31/01/2007,B,AZZ,11000,.885000,29.950000,9764.950000,05/02/2007,Confirmed
23364690,Unk-23364690,31/01/2007,B,AGS,4700,2.100000,29.950000,9899.950000,05/02/2007,Confirmed
23357585,Unk-23357585,31/01/2007,S,INL,40000,.215000,29.950000,8570.050000,05/02/2007,Confirmed
23352181,Unk-23352181,30/01/2007,S,MLS,120000,.081531,29.950000,9753.800000,02/02/2007,Confirmed
23350623,Unk-23350623,30/01/2007,S,ADI,11000,.870000,29.950000,9540.050000,02/02/2007,Confirmed
23328831,Unk-23328831,29/01/2007,B,DYL,20000,.490000,29.950000,9829.950000,01/02/2007,Confirmed
23327137,Unk-23327137,29/01/2007,S,WMT,115000,.089000,31.720000,10203.280000,01/02/2007,Confirmed
23322407,Unk-23322407,29/01/2007,B,ADI,11000,.860000,29.950000,9489.950000,01/02/2007,Confirmed
23301912,Unk-23301912,25/01/2007,S,GSEO,150000,.064000,29.950000,9570.050000,31/01/2007,Confirmed
23301194,Unk-23301194,25/01/2007,B,GSEO,150000,.066000,29.950000,9929.950000,31/01/2007,Confirmed
23297559,Unk-23297559,25/01/2007,S,GGY,115000,.080139,29.950000,9185.990000,31/01/2007,Confirmed
23296301,Unk-23296301,25/01/2007,B,WMT,115000,.086000,29.950000,9919.950000,31/01/2007,Confirmed
23291153,Unk-23291153,25/01/2007,S,WMT,115000,.089000,31.720000,10203.280000,31/01/2007,Confirmed
23287098,Unk-23287098,25/01/2007,B,WMT,115000,.086000,29.950000,9919.950000,31/01/2007,Confirmed
23286656,Unk-23286656,25/01/2007,B,MLS,120000,.081000,29.950000,9749.950000,31/01/2007,Confirmed
23285218,Unk-23285218,25/01/2007,B,GGY,115000,.086000,29.950000,9919.950000,31/01/2007,Confirmed
23280619,Unk-23280619,24/01/2007,S,GGY,39820,.092000,29.950000,3633.490000,30/01/2007,Confirmed
23280050,Unk-23280050,24/01/2007,B,GGY,39820,.087000,29.950000,3494.290000,30/01/2007,Confirmed
23277730,Unk-23277730,24/01/2007,S,AGM,14000,.695000,29.950000,9700.050000,30/01/2007,Confirmed
23265035,Unk-23265035,24/01/2007,B,INL,40000,.240000,29.950000,9629.950000,30/01/2007,Confirmed
23261373,Unk-23261373,24/01/2007,B,AGM,14000,.705000,29.950000,9899.950000,30/01/2007,Confirmed
23212800,Unk-23212800,19/01/2007,S,YML,35000,.210000,29.950000,7320.050000,24/01/2007,Confirmed
23212753,Unk-23212753,19/01/2007,S,NGMO,128000,.066000,29.950000,8418.050000,24/01/2007,Confirmed
23211454,Unk-23211454,19/01/2007,S,AGS,700,2.130000,29.950000,1461.050000,24/01/2007,Confirmed
23211179,Unk-23211179,19/01/2007,S,GSEO,90000,.076000,29.950000,6810.050000,24/01/2007,Confirmed
23210579,Unk-23210579,19/01/2007,S,URAO,8500,1.130000,29.950000,9575.050000,24/01/2007,Confirmed
23209917,Unk-23209917,19/01/2007,S,THXO,31000,.280000,29.950000,8650.050000,24/01/2007,Confirmed
23207051,Unk-23207051,19/01/2007,S,INL,40000,.236887,29.950000,9445.530000,24/01/2007,Confirmed
23200425,Unk-23200425,19/01/2007,B,NGMO,4000,.080000,.000000,320.000000,24/01/2007,Confirmed
23199554,Unk-23199554,19/01/2007,B,THXO,31000,.320000,29.950000,9949.950000,24/01/2007,Confirmed
23198221,Unk-23198221,19/01/2007,S,MLS,108000,.079000,29.950000,8502.050000,24/01/2007,Confirmed
23197516,Unk-23197516,19/01/2007,B,NGMO,124000,.080000,29.950000,9949.950000,24/01/2007,Confirmed
23192031,Unk-23192031,18/01/2007,B,INL,40000,.245000,29.950000,9829.950000,23/01/2007,Confirmed
23190998,Unk-23190998,18/01/2007,S,DYL,20000,.495000,29.950000,9870.050000,23/01/2007,Confirmed
23161973,Unk-23161973,17/01/2007,B,DYL,20000,.495000,29.950000,9929.950000,22/01/2007,Confirmed
23161449,Unk-23161449,17/01/2007,S,GDNO,20000,.465000,29.950000,9270.050000,22/01/2007,Confirmed
23154588,Unk-23154588,16/01/2007,S,ADI,9800,.990000,29.950000,9672.050000,19/01/2007,Confirmed
23150668,Unk-23150668,16/01/2007,B,URAO,8500,1.175541,29.950000,10022.050000,19/01/2007,Confirmed
23149463,Unk-23149463,16/01/2007,S,DYL,21500,.495000,32.990000,10609.510000,19/01/2007,Confirmed
23149082,Unk-23149082,16/01/2007,B,JMSO,57000,.173684,29.950000,9929.950000,19/01/2007,Confirmed
23148221,Unk-23148221,16/01/2007,B,GDNO,20000,.480500,29.950000,9639.950000,19/01/2007,Confirmed
23144577,Unk-23144577,16/01/2007,B,ADI,9800,1.005000,29.950000,9878.950000,19/01/2007,Confirmed
23143147,Unk-23143147,16/01/2007,S,MLS,127000,.080000,31.490000,10128.510000,19/01/2007,Confirmed
23126807,Unk-23126807,15/01/2007,S,SMM,3300,3.150000,32.220000,10362.780000,18/01/2007,Confirmed
23123043,Unk-23123043,15/01/2007,B,MLS,127000,.078000,29.950000,9935.950000,18/01/2007,Confirmed
23110689,Unk-23110689,12/01/2007,B,DYL,21500,.455000,29.950000,9812.450000,17/01/2007,Confirmed
23103013,Unk-23103013,12/01/2007,B,SMM,3300,3.010000,29.950000,9962.950000,17/01/2007,Confirmed
23098558,Unk-23098558,12/01/2007,B,YML,35000,.285000,29.950000,10004.950000,17/01/2007,Confirmed
23093892,Unk-23093892,11/01/2007,S,SMM,1640,2.930000,29.950000,4775.250000,16/01/2007,Confirmed
23093763,Unk-23093763,11/01/2007,S,INL,40000,.235000,29.950000,9370.050000,16/01/2007,Confirmed
23093734,Unk-23093734,11/01/2007,S,GGY,140000,.071000,29.950000,9910.050000,16/01/2007,Confirmed
23093571,Unk-23093571,11/01/2007,S,APG,130000,.074000,29.950000,9590.050000,16/01/2007,Confirmed
23092787,Unk-23092787,11/01/2007,S,CBH,15000,.675000,31.380000,10093.620000,16/01/2007,Confirmed
23092429,Unk-23092429,11/01/2007,S,MLS,137000,.069000,29.950000,9423.050000,16/01/2007,Confirmed
23087514,Unk-23087514,11/01/2007,B,SMM,1640,2.930000,29.950000,4835.150000,16/01/2007,Confirmed
23085121,Unk-23085121,11/01/2007,B,CBH,15000,.665000,29.950000,10004.950000,16/01/2007,Confirmed
23082780,Unk-23082780,11/01/2007,B,MLS,137000,.072000,29.950000,9893.950000,16/01/2007,Confirmed
23080448,Unk-23080448,11/01/2007,B,INL,40000,.245000,29.950000,9829.950000,16/01/2007,Confirmed
23048094,Unk-23048094,09/01/2007,S,INL,40000,.235000,29.950000,9370.050000,12/01/2007,Confirmed
23044103,Unk-23044103,09/01/2007,S,MLS,120000,.079000,29.950000,9450.050000,12/01/2007,Confirmed
23038902,Unk-23038902,09/01/2007,B,APG,130000,.072000,29.950000,9389.950000,12/01/2007,Confirmed
23038245,Unk-23038245,09/01/2007,B,INL,40000,.235000,29.950000,9429.950000,12/01/2007,Confirmed
23017994,Unk-23017994,08/01/2007,B,GGY,140000,.071000,29.950000,9969.950000,11/01/2007,Confirmed
23017867,Unk-23017867,08/01/2007,S,APG,137000,.073000,31.000000,9970.000000,11/01/2007,Confirmed
23010667,Unk-23010667,08/01/2007,B,APG,137000,.072000,29.950000,9893.950000,11/01/2007,Confirmed
22997381,Unk-22997381,05/01/2007,B,MLS,120000,.081000,29.950000,9749.950000,10/01/2007,Confirmed
22982312,Unk-22982312,04/01/2007,S,APG,133000,.079000,32.570000,10474.430000,09/01/2007,Confirmed
22981204,Unk-22981204,04/01/2007,S,SMM,3100,3.180000,29.950000,9828.050000,09/01/2007,Confirmed
22981163,Unk-22981163,04/01/2007,S,RMI,178000,.043000,29.950000,7624.050000,09/01/2007,Confirmed
22980961,Unk-22980961,04/01/2007,S,INL,37000,.250000,29.950000,9220.050000,09/01/2007,Confirmed
22964986,Unk-22964986,04/01/2007,S,CBH,14000,.695000,29.950000,9700.050000,09/01/2007,Confirmed
22961942,Unk-22961942,04/01/2007,B,URAO,8500,1.165000,29.950000,9932.450000,09/01/2007,Confirmed
22961745,Unk-22961745,04/01/2007,S,DYL,21500,.525000,34.990000,11252.510000,09/01/2007,Confirmed
22960386,Unk-22960386,04/01/2007,B,SMM,3100,3.170000,29.950000,9856.950000,09/01/2007,Confirmed
22957684,Unk-22957684,04/01/2007,B,CBH,14000,.700000,29.950000,9829.950000,09/01/2007,Confirmed
22928135,Unk-22928135,02/01/2007,B,DYL,21500,.460000,29.950000,9919.950000,05/01/2007,Confirmed
22924752,Unk-22924752,02/01/2007,B,INL,37000,.265000,29.950000,9834.950000,05/01/2007,Confirmed
22922429,Unk-22922429,02/01/2007,B,GSEO,90000,.110000,29.950000,9929.950000,05/01/2007,Confirmed
22921391,Unk-22921391,02/01/2007,B,APG,145000,.068000,29.950000,9889.950000,05/01/2007,Confirmed
22894899,Unk-22894899,28/12/2006,S,URAO,10000,.995000,29.950000,9920.050000,03/01/2007,Confirmed
22866386,Unk-22866386,22/12/2006,S,UMC,30000,.265667,29.950000,7940.050000,29/12/2006,Confirmed
22866381,Unk-22866381,22/12/2006,S,URAO,3000,.680000,29.950000,2010.050000,29/12/2006,Confirmed
22865958,Unk-22865958,22/12/2006,S,BKP,40000,.235000,29.950000,9370.050000,29/12/2006,Confirmed
22861267,Unk-22861267,22/12/2006,S,INL,38000,.255000,29.950000,9660.050000,29/12/2006,Confirmed
22858433,Unk-22858433,22/12/2006,S,MLS,110000,.076000,29.950000,8330.050000,29/12/2006,Confirmed
22855915,Unk-22855915,22/12/2006,B,BKP,40000,.240000,29.950000,9629.950000,29/12/2006,Confirmed
22853577,Unk-22853577,22/12/2006,B,INL,38000,.260000,29.950000,9909.950000,29/12/2006,Confirmed
22848824,Unk-22848824,21/12/2006,S,AOE,8000,1.220000,29.950000,9730.050000,28/12/2006,Confirmed
22847608,Unk-22847608,21/12/2006,S,EVE,48000,.195000,29.950000,9330.050000,28/12/2006,Confirmed
22844289,Unk-22844289,21/12/2006,S,JMS,28000,.340000,29.950000,9490.050000,28/12/2006,Confirmed
22843643,Unk-22843643,21/12/2006,B,JMS,28000,.350000,29.950000,9829.950000,28/12/2006,Confirmed
22838851,Unk-22838851,21/12/2006,B,AOE,8000,1.220000,29.950000,9789.950000,28/12/2006,Confirmed
22825542,Unk-22825542,20/12/2006,B,MLS,110000,.085000,29.950000,9379.950000,27/12/2006,Confirmed
22820372,Unk-22820372,20/12/2006,B,EVE,48000,.205000,29.950000,9869.950000,27/12/2006,Confirmed
22817359,Unk-22817359,20/12/2006,B,UMC,30000,.315000,29.950000,9479.950000,27/12/2006,Confirmed
22813734,Unk-22813734,19/12/2006,S,EPG,14000,.720000,31.250000,10048.750000,22/12/2006,Confirmed
22804985,Unk-22804985,19/12/2006,S,EVE,55000,.195000,33.240000,10691.760000,22/12/2006,Confirmed
22801115,Unk-22801115,19/12/2006,S,SMM,3700,2.770000,31.770000,10217.230000,22/12/2006,Confirmed
22798384,Unk-22798384,19/12/2006,S,MOX,8200,1.160000,29.950000,9482.050000,22/12/2006,Confirmed
22788258,Unk-22788258,18/12/2006,S,QAN,1800,5.290000,29.950000,9492.050000,21/12/2006,Confirmed
22787888,Unk-22787888,18/12/2006,B,URAO,12350,.800000,29.950000,9909.950000,21/12/2006,Confirmed
22783873,Unk-22783873,18/12/2006,B,EPG,14000,.710000,29.950000,9969.950000,21/12/2006,Confirmed
22783148,Unk-22783148,18/12/2006,B,MOX,8200,1.205000,29.950000,9910.950000,21/12/2006,Confirmed
22783060,Unk-22783060,18/12/2006,B,MLS,108000,.092000,29.950000,9965.950000,21/12/2006,Confirmed
22778449,Unk-22778449,18/12/2006,B,SMM,3700,2.670000,29.950000,9908.950000,21/12/2006,Confirmed
22772694,Unk-22772694,15/12/2006,S,MLS,100000,.095000,29.950000,9470.050000,20/12/2006,Confirmed
22764832,Unk-22764832,15/12/2006,S,WMT,110000,.081000,29.950000,8880.050000,20/12/2006,Confirmed
22759992,Unk-22759992,15/12/2006,B,RMI,178000,.056000,29.950000,9997.950000,20/12/2006,Confirmed
22748835,Unk-22748835,14/12/2006,B,MLS,100000,.091000,29.950000,9129.950000,19/12/2006,Confirmed
22744429,Unk-22744429,14/12/2006,B,QAN,1800,5.340000,29.950000,9641.950000,19/12/2006,Confirmed
22742371,Unk-22742371,14/12/2006,S,RMI,220000,.050000,34.100000,10965.900000,19/12/2006,Confirmed
22726034,Unk-22726034,13/12/2006,S,SMM,3800,2.690000,31.690000,10190.310000,18/12/2006,Confirmed
22720085,Unk-22720085,13/12/2006,B,WMT,110000,.090000,29.950000,9929.950000,18/12/2006,Confirmed
22719153,Unk-22719153,13/12/2006,S,WMT,116000,.085000,29.950000,9830.050000,18/12/2006,Confirmed
22709775,Unk-22709775,12/12/2006,B,SMM,3800,2.630000,29.950000,10023.950000,15/12/2006,Confirmed
22709329,Unk-22709329,12/12/2006,B,EVE,55000,.180000,29.950000,9929.950000,15/12/2006,Confirmed
22707546,Unk-22707546,12/12/2006,S,THXO,44000,.195000,29.950000,8550.050000,15/12/2006,Confirmed
22706383,Unk-22706383,12/12/2006,B,RMI,220000,.045000,29.950000,9929.950000,15/12/2006,Confirmed
22704283,Unk-22704283,12/12/2006,B,WMT,116000,.086000,29.950000,10005.950000,15/12/2006,Confirmed
22702501,Unk-22702501,12/12/2006,S,JMSO,40220,.200000,29.950000,8014.050000,15/12/2006,Confirmed
22700716,Unk-22700716,12/12/2006,S,MLS,150000,.088000,40.920000,13159.080000,15/12/2006,Confirmed
22670457,Unk-22670457,08/12/2006,S,EVE,44000,.195000,29.950000,8550.050000,13/12/2006,Confirmed
22670334,Unk-22670334,08/12/2006,S,AUZ,110000,.085000,29.950000,9320.050000,13/12/2006,Confirmed
22667174,Unk-22667174,08/12/2006,B,JMSO,40220,.130000,29.950000,5258.550000,13/12/2006,Confirmed
22660151,Unk-22660151,08/12/2006,B,AUZ,110000,.086000,29.950000,9489.950000,13/12/2006,Confirmed
22658201,Unk-22658201,08/12/2006,S,WDS,5000,1.620000,29.950000,8070.050000,13/12/2006,Confirmed
22653695,Unk-22653695,08/12/2006,B,EVE,44000,.215000,29.950000,9489.950000,13/12/2006,Confirmed
22649659,Unk-22649659,07/12/2006,S,INL,38000,.295000,34.750000,11175.250000,12/12/2006,Confirmed
22649115,Unk-22649115,07/12/2006,S,EVE,48000,.210000,31.250000,10048.750000,12/12/2006,Confirmed
22644639,Unk-22644639,07/12/2006,B,EVE,48000,.205000,29.950000,9869.950000,12/12/2006,Confirmed
22639498,Unk-22639498,07/12/2006,B,WDS,5000,1.770000,29.950000,8879.950000,12/12/2006,Confirmed
22637214,Unk-22637214,07/12/2006,S,KZL,1400,7.140000,54.600000,9941.400000,12/12/2006,Confirmed
22635098,Unk-22635098,07/12/2006,B,KZL,1400,7.130000,29.950000,10011.950000,12/12/2006,Confirmed
22631709,Unk-22631709,06/12/2006,S,PDZ,25000,.400000,31.000000,9969.000000,11/12/2006,Confirmed
22629821,Unk-22629821,06/12/2006,S,EXT,83000,.115000,29.950000,9515.050000,11/12/2006,Confirmed
22628993,Unk-22628993,06/12/2006,S,CBH,12000,.795000,29.950000,9510.050000,11/12/2006,Confirmed
22623967,Unk-22623967,06/12/2006,B,PDZ,25000,.395000,29.950000,9904.950000,11/12/2006,Confirmed
22622659,Unk-22622659,06/12/2006,B,EXT,83000,.120000,29.950000,9989.950000,11/12/2006,Confirmed
22617425,Unk-22617425,06/12/2006,S,JMSO,81000,.139502,35.020000,11264.620000,11/12/2006,Confirmed
22614325,Unk-22614325,06/12/2006,B,CBH,12000,.805000,29.950000,9689.950000,11/12/2006,Confirmed
22610955,Unk-22610955,05/12/2006,S,IPT,35000,.255000,29.950000,8895.050000,08/12/2006,Confirmed
22591572,Unk-22591572,04/12/2006,S,MOX,7600,1.300000,29.950000,9850.050000,07/12/2006,Confirmed
22590198,Unk-22590198,04/12/2006,S,JMSO,79000,.125000,29.950000,9845.050000,07/12/2006,Confirmed
22587771,Unk-22587771,04/12/2006,B,JMSO,160000,.062000,29.950000,9949.950000,07/12/2006,Confirmed
22571469,Unk-22571469,01/12/2006,S,PDN,1450,6.850000,29.950000,9902.550000,06/12/2006,Confirmed
22571410,Unk-22571410,01/12/2006,S,LHG,3200,3.070000,29.950000,9794.050000,06/12/2006,Confirmed
22566621,Unk-22566621,01/12/2006,B,IPT,35000,.285000,29.950000,10004.950000,06/12/2006,Confirmed
22564866,Unk-22564866,01/12/2006,B,INL,38000,.260000,29.950000,9909.950000,06/12/2006,Confirmed
22563687,Unk-22563687,01/12/2006,B,THXO,44000,.225000,29.950000,9929.950000,06/12/2006,Confirmed
22561786,Unk-22561786,01/12/2006,B,PDN,1450,6.870000,29.950000,9991.450000,06/12/2006,Confirmed
22561332,Unk-22561332,01/12/2006,B,LHG,3200,3.120000,29.950000,10013.950000,06/12/2006,Confirmed
22552997,Unk-22552997,30/11/2006,B,URAO,3650,.615000,29.950000,2274.700000,05/12/2006,Confirmed
22551682,Unk-22551682,30/11/2006,S,STO,970,10.300000,29.950000,9961.050000,05/12/2006,Confirmed
22545679,Unk-22545679,30/11/2006,B,MLS,150000,.065000,29.950000,9779.950000,05/12/2006,Confirmed
22539523,Unk-22539523,30/11/2006,S,MLS,196000,.069000,41.920000,13482.080000,05/12/2006,Confirmed
22530877,Unk-22530877,29/11/2006,S,EPG,12900,.800000,31.990000,10288.010000,04/12/2006,Confirmed
22526991,Unk-22526991,29/11/2006,B,EPG,12900,.775000,29.950000,10027.450000,04/12/2006,Confirmed
22526822,Unk-22526822,29/11/2006,S,LHG,3300,3.040000,31.100000,10000.900000,04/12/2006,Confirmed
22520243,Unk-22520243,29/11/2006,S,JMS,62000,.155000,29.950000,9580.050000,04/12/2006,Confirmed
22518517,Unk-22518517,29/11/2006,B,STO,970,10.260000,29.950000,9982.150000,04/12/2006,Confirmed
22517576,Unk-22517576,29/11/2006,B,MOX,7600,1.305000,29.950000,9947.950000,04/12/2006,Confirmed
22511288,Unk-22511288,28/11/2006,B,LHG,3300,2.950000,29.950000,9764.950000,01/12/2006,Confirmed
22502585,Unk-22502585,28/11/2006,B,JMS,62000,.160000,29.950000,9949.950000,01/12/2006,Confirmed
22500057,Unk-22500057,28/11/2006,B,MLS,196000,.051000,29.950000,10025.950000,01/12/2006,Confirmed
22497845,Unk-22497845,28/11/2006,B,AGS,5300,1.855000,29.950000,9861.450000,01/12/2006,Confirmed
22496031,Unk-22496031,28/11/2006,S,MLS,256000,.051000,40.470000,13015.530000,01/12/2006,Confirmed
22493263,Unk-22493263,28/11/2006,S,CBH,13000,.780000,31.430000,10108.570000,01/12/2006,Confirmed
22468847,Unk-22468847,24/11/2006,S,SMM,3700,2.620000,29.950000,9664.050000,29/11/2006,Confirmed
22468832,Unk-22468832,24/11/2006,S,PXS,3000,3.200000,29.950000,9570.050000,29/11/2006,Confirmed
22448006,Unk-22448006,23/11/2006,S,ZFX,740,16.540000,37.940000,12201.660000,28/11/2006,Confirmed
22447436,Unk-22447436,23/11/2006,S,TNGO,24500,.438762,33.320000,10716.340000,28/11/2006,Confirmed
22445801,Unk-22445801,23/11/2006,S,AGS,7000,1.505000,32.660000,10502.340000,28/11/2006,Confirmed
22445311,Unk-22445311,23/11/2006,B,TNGO,24500,.405000,29.950000,9952.450000,28/11/2006,Confirmed
22438901,Unk-22438901,23/11/2006,B,PXS,3000,3.310000,29.950000,9959.950000,28/11/2006,Confirmed
22435350,Unk-22435350,23/11/2006,B,APG,120000,.081000,29.950000,9749.950000,28/11/2006,Confirmed
22419477,Unk-22419477,22/11/2006,B,MLS,256000,.039000,29.950000,10013.950000,27/11/2006,Confirmed
22417214,Unk-22417214,22/11/2006,B,SMM,3700,2.700000,29.950000,10019.950000,27/11/2006,Confirmed
22416193,Unk-22416193,22/11/2006,S,SMM,3600,2.660000,29.950000,9546.050000,27/11/2006,Confirmed
22414555,Unk-22414555,22/11/2006,B,SMM,3600,2.750000,29.950000,9929.950000,27/11/2006,Confirmed
22407041,Unk-22407041,21/11/2006,S,SMM,4000,2.650000,32.860000,10567.140000,24/11/2006,Confirmed
22406977,Unk-22406977,21/11/2006,S,OXR,3200,3.100000,29.950000,9890.050000,24/11/2006,Confirmed
22406732,Unk-22406732,21/11/2006,S,APG,125000,.083000,32.160000,10342.840000,24/11/2006,Confirmed
22393819,Unk-22393819,21/11/2006,B,APG,125000,.079000,29.950000,9904.950000,24/11/2006,Confirmed
22387570,Unk-22387570,20/11/2006,B,OXR,3200,3.040000,29.950000,9757.950000,23/11/2006,Confirmed
22376313,Unk-22376313,20/11/2006,B,SMM,4000,2.480000,29.950000,9949.950000,23/11/2006,Confirmed
22347349,Unk-22347349,17/11/2006,S,AIM,33000,.275000,29.950000,9045.050000,22/11/2006,Confirmed
22344750,Unk-22344750,16/11/2006,S,SMM,4300,2.270000,29.950000,9731.050000,21/11/2006,Confirmed
22344572,Unk-22344572,16/11/2006,S,KZL,1400,6.880000,29.950000,9602.050000,21/11/2006,Confirmed
22344387,Unk-22344387,16/11/2006,S,APG,120000,.080000,29.950000,9570.050000,21/11/2006,Confirmed
22337145,Unk-22337145,16/11/2006,B,APG,120000,.081000,29.950000,9749.950000,21/11/2006,Confirmed
22335391,Unk-22335391,16/11/2006,B,SMM,4300,2.310000,29.950000,9962.950000,21/11/2006,Confirmed
22334419,Unk-22334419,16/11/2006,B,AIM,33000,.299352,29.950000,9908.550000,21/11/2006,Confirmed
22329876,Unk-22329876,16/11/2006,S,SMM,4000,2.290000,29.950000,9130.050000,21/11/2006,Confirmed
22320851,Unk-22320851,15/11/2006,B,KZL,1400,7.110000,29.950000,9983.950000,20/11/2006,Confirmed
22317744,Unk-22317744,15/11/2006,S,AIM,30000,.315000,29.950000,9420.050000,20/11/2006,Confirmed
22316605,Unk-22316605,15/11/2006,B,SMM,4000,2.420000,29.950000,9709.950000,20/11/2006,Confirmed
22313861,Unk-22313861,15/11/2006,B,AIM,30000,.320000,29.950000,9629.950000,20/11/2006,Confirmed
22310017,Unk-22310017,15/11/2006,S,APG,128000,.082000,32.540000,10463.460000,20/11/2006,Confirmed
22304785,Unk-22304785,15/11/2006,B,APG,128000,.078000,29.950000,10013.950000,20/11/2006,Confirmed
22296518,Unk-22296518,14/11/2006,S,APG,150000,.073000,33.950000,10916.050000,17/11/2006,Confirmed
22290008,Unk-22290008,14/11/2006,S,SMM,3800,2.490000,29.950000,9432.050000,17/11/2006,Confirmed
22281113,Unk-22281113,13/11/2006,B,ZFX,640,15.590000,29.950000,10007.550000,16/11/2006,Confirmed
22268344,Unk-22268344,13/11/2006,B,GDNO,20000,.497500,29.950000,9979.950000,16/11/2006,Confirmed
22265902,Unk-22265902,13/11/2006,B,CBH,13000,.745000,29.950000,9714.950000,16/11/2006,Confirmed
22260249,Unk-22260249,13/11/2006,S,CBH,13000,.760000,29.950000,9850.050000,16/11/2006,Confirmed
22256492,Unk-22256492,10/11/2006,S,MOX,6000,1.570000,29.950000,9390.050000,15/11/2006,Confirmed
22256265,Unk-22256265,10/11/2006,S,AUT,13500,.700000,29.950000,9420.050000,15/11/2006,Confirmed
22256263,Unk-22256263,10/11/2006,S,ADI,5858,.795000,29.950000,4627.160000,15/11/2006,Confirmed
22252866,Unk-22252866,10/11/2006,S,KZL,1300,7.700000,31.030000,9978.970000,15/11/2006,Confirmed
22250018,Unk-22250018,10/11/2006,B,AUT,13500,.730000,29.950000,9884.950000,15/11/2006,Confirmed
22247631,Unk-22247631,10/11/2006,B,ADI,5858,.765000,29.950000,4511.320000,15/11/2006,Confirmed
22245900,Unk-22245900,10/11/2006,B,KZL,1300,7.620000,29.950000,9935.950000,15/11/2006,Confirmed
22236069,Unk-22236069,09/11/2006,B,SMM,3800,2.650000,31.220000,10101.220000,14/11/2006,Confirmed
22231755,Unk-22231755,09/11/2006,S,ADI,17000,.635000,33.460000,10761.540000,14/11/2006,Confirmed
22227081,Unk-22227081,09/11/2006,B,MOX,6000,1.665000,29.950000,10019.950000,14/11/2006,Confirmed
22224394,Unk-22224394,09/11/2006,S,MOX,5700,1.700000,29.950000,9660.050000,14/11/2006,Confirmed
22223697,Unk-22223697,09/11/2006,S,KZL,1300,7.257738,29.950000,9405.110000,14/11/2006,Confirmed
22222005,Unk-22222005,09/11/2006,B,CBH,13000,.765000,29.950000,9974.950000,14/11/2006,Confirmed
22219391,Unk-22219391,09/11/2006,B,KZL,1300,7.508400,29.950000,9790.870000,14/11/2006,Confirmed
22217737,Unk-22217737,09/11/2006,B,MOX,5700,1.750000,29.950000,10004.950000,14/11/2006,Confirmed
22216885,Unk-22216885,09/11/2006,S,CBH,14000,.770000,33.420000,10746.580000,14/11/2006,Confirmed
22213406,Unk-22213406,08/11/2006,S,KZL,1300,7.500000,29.950000,9720.050000,13/11/2006,Confirmed
22182964,Unk-22182964,07/11/2006,S,MOX,7000,1.470000,31.900000,10258.100000,10/11/2006,Confirmed
22168482,Unk-22168482,07/11/2006,B,KZL,1300,7.640000,29.950000,9961.950000,10/11/2006,Confirmed
22163061,Unk-22163061,07/11/2006,B,AGS,7000,1.425000,29.950000,10004.950000,10/11/2006,Confirmed
22137310,Unk-22137310,03/11/2006,S,CBH,3000,.760000,29.950000,2250.050000,09/11/2006,Confirmed
22131030,Unk-22131030,03/11/2006,S,AUZ,100000,.076000,29.950000,7570.050000,09/11/2006,Confirmed
22127127,Unk-22127127,03/11/2006,S,ABS,1450,6.730000,29.950000,9728.550000,09/11/2006,Confirmed
22126251,Unk-22126251,03/11/2006,B,MOX,7000,1.425000,29.950000,10004.950000,09/11/2006,Confirmed
22119417,Unk-22119417,03/11/2006,S,BMN,7200,1.280000,29.950000,9186.050000,09/11/2006,Confirmed
22110921,Unk-22110921,02/11/2006,S,OXR,3000,3.250000,29.950000,9720.050000,08/11/2006,Confirmed
22110881,Unk-22110881,02/11/2006,S,MOX,6800,1.360000,29.950000,9218.050000,08/11/2006,Confirmed
22109215,Unk-22109215,02/11/2006,B,APG,150000,.065000,29.950000,9779.950000,08/11/2006,Confirmed
22109116,Unk-22109116,02/11/2006,B,ABS,1450,6.880000,29.950000,10005.950000,08/11/2006,Confirmed
22109112,Unk-22109112,02/11/2006,B,OXR,3000,3.240000,29.950000,9749.950000,08/11/2006,Confirmed
22096582,Unk-22096582,02/11/2006,B,URAO,18000,.555000,29.950000,10019.950000,08/11/2006,Confirmed
22089602,Unk-22089602,01/11/2006,S,APG,150000,.067000,31.150000,10018.850000,06/11/2006,Confirmed
22087566,Unk-22087566,01/11/2006,B,MOX,6800,1.470000,29.950000,10025.950000,06/11/2006,Confirmed
22087162,Unk-22087162,01/11/2006,B,ADI,17000,.585000,29.950000,9974.950000,06/11/2006,Confirmed
22086235,Unk-22086235,01/11/2006,B,BMN,7200,1.385000,29.950000,10001.950000,06/11/2006,Confirmed
22080337,Unk-22080337,01/11/2006,S,AOEO,37000,.167703,29.950000,6175.050000,06/11/2006,Confirmed
22078822,Unk-22078822,01/11/2006,S,MOX,6200,1.540000,29.950000,9518.050000,06/11/2006,Confirmed
22071110,Unk-22071110,31/10/2006,B,GDNO,9044,.885000,29.950000,8033.890000,03/11/2006,Confirmed
22069821,Unk-22069821,31/10/2006,S,GDN,8000,1.200000,29.950000,9570.050000,03/11/2006,Confirmed
22069820,Unk-22069820,31/10/2006,S,GDN,8000,1.200000,29.950000,9570.050000,03/11/2006,Confirmed
22069819,Unk-22069819,31/10/2006,S,GDN,8000,1.200000,29.950000,9570.050000,03/11/2006,Confirmed
22069695,Unk-22069695,31/10/2006,S,BHP,350,27.280000,29.950000,9518.050000,03/11/2006,Confirmed
22068201,Unk-22068201,31/10/2006,B,MOX,6200,1.605000,29.950000,9980.950000,03/11/2006,Confirmed
22068158,Unk-22068158,31/10/2006,B,GDNO,11500,.865000,29.950000,9977.450000,03/11/2006,Confirmed
22063944,Unk-22063944,31/10/2006,B,GDNO,10500,.920000,29.950000,9689.950000,03/11/2006,Confirmed
22062046,Unk-22062046,31/10/2006,B,APG,150000,.066000,29.950000,9929.950000,03/11/2006,Confirmed
22052503,Unk-22052503,31/10/2006,S,MOX,8000,1.750000,43.400000,13956.600000,03/11/2006,Confirmed
22016158,Unk-22016158,27/10/2006,S,OXR,2900,3.290000,29.950000,9511.050000,01/11/2006,Confirmed
22010025,Unk-22010025,27/10/2006,B,GDN,13000,.836923,33.730000,10913.730000,01/11/2006,Confirmed
22003479,Unk-22003479,26/10/2006,B,CBH,14000,.690000,29.950000,9689.950000,31/10/2006,Confirmed
22003404,Unk-22003404,26/10/2006,S,BHP,650,28.120000,56.660000,18221.340000,31/10/2006,Confirmed
22000115,Unk-22000115,26/10/2006,B,OXR,2900,3.410000,29.950000,9918.950000,31/10/2006,Confirmed
21981743,Unk-21981743,25/10/2006,S,CBH,13500,.670000,29.950000,9015.050000,30/10/2006,Confirmed
21968327,Unk-21968327,25/10/2006,S,ZFX,700,13.830000,29.950000,9651.050000,30/10/2006,Confirmed
21966397,Unk-21966397,25/10/2006,S,GDN,18000,.555000,29.950000,9960.050000,30/10/2006,Confirmed
21928309,Unk-21928309,23/10/2006,B,CBH,16500,.600000,29.950000,9929.950000,26/10/2006,Confirmed
21926941,Unk-21926941,23/10/2006,B,AOEO,37000,.265000,29.950000,9834.950000,26/10/2006,Confirmed
21922321,Unk-21922321,23/10/2006,B,AUZ,100000,.091000,29.950000,9129.950000,26/10/2006,Confirmed
21919234,Unk-21919234,20/10/2006,S,AUZ,133000,.086000,35.450000,11402.550000,25/10/2006,Confirmed
21899802,Unk-21899802,19/10/2006,S,AOEO,45000,.240000,33.470000,10766.530000,24/10/2006,Confirmed
21873697,Unk-21873697,18/10/2006,B,AOEO,45000,.215000,29.950000,9704.950000,23/10/2006,Confirmed
21867977,Unk-21867977,18/10/2006,B,AUZ,133000,.075000,29.950000,10004.950000,23/10/2006,Confirmed
21866790,Unk-21866790,18/10/2006,S,OXR,2900,3.280000,29.950000,9482.050000,23/10/2006,Confirmed
21844555,Unk-21844555,17/10/2006,B,OXR,2900,3.340000,29.950000,9715.950000,20/10/2006,Confirmed
21840296,Unk-21840296,16/10/2006,S,AOEO,16844,.190000,29.950000,3170.410000,19/10/2006,Confirmed
21840290,Unk-21840290,16/10/2006,B,AOEO,16844,.185000,29.950000,3146.090000,19/10/2006,Confirmed
21837424,Unk-21837424,16/10/2006,S,CBH,19800,.525000,32.220000,10362.780000,19/10/2006,Confirmed
21820531,Unk-21820531,13/10/2006,S,CDU,2500,3.850000,29.950000,9595.050000,18/10/2006,Confirmed
21820501,Unk-21820501,13/10/2006,B,CBH,19800,.500000,29.950000,9929.950000,18/10/2006,Confirmed
21808230,Unk-21808230,13/10/2006,B,CDU,2500,3.900000,29.950000,9779.950000,18/10/2006,Confirmed
21807284,Unk-21807284,13/10/2006,B,MOX,8000,1.215000,29.950000,9749.950000,18/10/2006,Confirmed
21801922,Unk-21801922,12/10/2006,S,PMH,20000,.475000,29.950000,9470.050000,17/10/2006,Confirmed
21791077,Unk-21791077,12/10/2006,B,PMH,20000,.475000,29.950000,9529.950000,17/10/2006,Confirmed
21782791,Unk-21782791,11/10/2006,S,CDU,2500,3.800000,29.950000,9470.050000,16/10/2006,Confirmed
21782596,Unk-21782596,11/10/2006,S,MOX,8000,1.210000,29.950000,9650.050000,16/10/2006,Confirmed
21773786,Unk-21773786,11/10/2006,S,RBY,300000,.029000,29.950000,8670.050000,16/10/2006,Confirmed
21768906,Unk-21768906,11/10/2006,S,NCM,450,21.960000,29.950000,9852.050000,16/10/2006,Confirmed
21767327,Unk-21767327,11/10/2006,B,RBY,300000,.031000,29.950000,9329.950000,16/10/2006,Confirmed
21767179,Unk-21767179,11/10/2006,B,MOX,8000,1.240000,29.950000,9949.950000,16/10/2006,Confirmed
21766656,Unk-21766656,11/10/2006,B,CDU,2500,3.950000,29.950000,9904.950000,16/10/2006,Confirmed
21763736,Unk-21763736,10/10/2006,S,AGS,10000,.940000,29.950000,9370.050000,13/10/2006,Confirmed
21760715,Unk-21760715,10/10/2006,S,MOX,12500,.875000,33.900000,10903.600000,13/10/2006,Confirmed
21758513,Unk-21758513,10/10/2006,B,MOX,12500,.790000,29.950000,9904.950000,13/10/2006,Confirmed
21747144,Unk-21747144,09/10/2006,B,AGS,10000,.920000,29.950000,9229.950000,12/10/2006,Confirmed
21746330,Unk-21746330,09/10/2006,S,CDU,2700,3.930000,32.890000,10578.110000,12/10/2006,Confirmed
21737985,Unk-21737985,09/10/2006,B,CDU,2700,3.670000,29.950000,9938.950000,12/10/2006,Confirmed
21737106,Unk-21737106,09/10/2006,S,AUZ,200000,.049000,29.950000,9770.050000,12/10/2006,Confirmed
21734470,Unk-21734470,09/10/2006,B,GDN,30000,.325000,29.950000,9779.950000,12/10/2006,Confirmed
21734266,Unk-21734266,09/10/2006,B,AUZ,200000,.048000,29.950000,9629.950000,12/10/2006,Confirmed
21721694,Unk-21721694,06/10/2006,S,PMH,24000,.475000,35.340000,11364.660000,11/10/2006,Confirmed
21721310,Unk-21721310,06/10/2006,S,GDN,28000,.345000,29.950000,9630.050000,11/10/2006,Confirmed
21720685,Unk-21720685,06/10/2006,B,ZFX,800,12.050000,29.950000,9669.950000,11/10/2006,Confirmed
21708954,Unk-21708954,05/10/2006,B,PMH,24000,.415000,29.950000,9989.950000,10/10/2006,Confirmed
21708496,Unk-21708496,05/10/2006,S,PMH,22500,.445000,31.040000,9981.460000,10/10/2006,Confirmed
21708103,Unk-21708103,05/10/2006,B,PMH,22500,.444333,29.950000,10027.450000,10/10/2006,Confirmed
21694156,Unk-21694156,04/10/2006,S,ABS,1500,6.340000,29.950000,9480.050000,09/10/2006,Confirmed
21693042,Unk-21693042,04/10/2006,B,NCM,450,21.150000,29.950000,9547.450000,09/10/2006,Confirmed
21687917,Unk-21687917,04/10/2006,S,BEC,15800,.620000,29.950000,9766.050000,09/10/2006,Confirmed
21682984,Unk-21682984,04/10/2006,S,ZFX,800,11.950000,29.950000,9530.050000,09/10/2006,Confirmed
21681145,Unk-21681145,04/10/2006,B,ABS,1500,6.280000,29.950000,9449.950000,09/10/2006,Confirmed
21677039,Unk-21677039,03/10/2006,B,ZFX,800,12.110000,29.950000,9717.950000,06/10/2006,Confirmed
21671642,Unk-21671642,03/10/2006,S,MST,55000,.150000,29.950000,8220.050000,06/10/2006,Confirmed
21669682,Unk-21669682,03/10/2006,S,ZFX,900,12.080000,33.700000,10838.300000,06/10/2006,Confirmed
21668137,Unk-21668137,03/10/2006,B,MST,55000,.165000,29.950000,9104.950000,06/10/2006,Confirmed
21651024,Unk-21651024,29/09/2006,B,GDN,28000,.285000,29.950000,8009.950000,05/10/2006,Confirmed
21550377,Unk-21550377,20/09/2006,S,CUE,40000,.135000,29.950000,5370.050000,25/09/2006,Confirmed
21550326,Unk-21550326,20/09/2006,B,BEC,15800,.628714,29.950000,9963.630000,25/09/2006,Confirmed
21543717,Unk-21543717,20/09/2006,B,ZFX,900,11.020000,29.950000,9947.950000,25/09/2006,Confirmed
21539392,Unk-21539392,20/09/2006,S,RIN,750,12.600000,29.950000,9420.050000,25/09/2006,Confirmed
21504822,Unk-21504822,15/09/2006,B,RIN,750,12.920000,29.950000,9719.950000,20/09/2006,Confirmed
21504094,Unk-21504094,15/09/2006,S,ABS,1200,6.170000,29.950000,7374.050000,20/09/2006,Confirmed
21484451,Unk-21484451,14/09/2006,S,PRY,450,11.700000,29.950000,5235.050000,19/09/2006,Confirmed
21474384,Unk-21474384,13/09/2006,B,ABS,1200,5.930000,29.950000,7145.950000,18/09/2006,Confirmed
21462082,Unk-21462082,12/09/2006,B,PRY,450,11.860000,29.950000,5366.950000,15/09/2006,Confirmed
21405086,Unk-21405086,08/09/2006,S,RIM,180000,.062000,34.600000,11125.400000,13/09/2006,Confirmed
21404137,Unk-21404137,08/09/2006,B,RIM,180000,.056000,31.250000,10111.250000,13/09/2006,Confirmed
21390334,Unk-21390334,07/09/2006,S,AGS,11500,.895000,31.900000,10260.600000,12/09/2006,Confirmed
21388818,Unk-21388818,07/09/2006,B,AGS,11500,.850000,29.950000,9804.950000,12/09/2006,Confirmed
21381241,Unk-21381241,06/09/2006,S,NCM,500,21.720000,33.660000,10826.340000,11/09/2006,Confirmed
21304661,Unk-21304661,30/08/2006,B,CUE,40000,.155000,29.950000,6229.950000,04/09/2006,Confirmed
21273866,Unk-21273866,28/08/2006,S,ZFX,600,11.820000,29.950000,7062.050000,31/08/2006,Confirmed
21247603,Unk-21247603,25/08/2006,B,ZFX,600,11.210000,29.950000,6755.950000,30/08/2006,Confirmed
21203649,Unk-21203649,22/08/2006,S,WPL,100,43.700000,29.950000,4340.050000,25/08/2006,Confirmed
21135310,Unk-21135310,16/08/2006,B,NCM,500,19.870000,29.950000,9964.950000,21/08/2006,Confirmed
21114556,Unk-21114556,14/08/2006,B,WPL,100,41.490000,29.950000,4178.950000,17/08/2006,Confirmed
21090572,Unk-21090572,11/08/2006,S,NCM,600,20.010000,37.210000,11968.790000,16/08/2006,Confirmed
20830539,Unk-20830539,18/07/2006,B,NCM,600,19.110000,35.540000,11501.540000,21/07/2006,Confirmed
20476809,Unk-20476809,19/06/2006,B,BHP,1000,27.090000,83.970000,27173.970000,22/06/2006,Confirmed
